reference,candidate,metric,seed,reference_value,candidate_value,difference
vanilla,slowheat_hidden_beta_30_budget_0.25,final_average_accuracy,2037868115,0.1695,0.17170000000000002,0.0022000000000000075
vanilla,slowheat_hidden_beta_30_budget_0.25,final_average_accuracy,197201656,0.17170000000000002,0.1728,0.0010999999999999899
vanilla,slowheat_hidden_beta_30_budget_0.25,final_average_accuracy,315911652,0.1714,0.1721,0.0007000000000000062
vanilla,slowheat_hidden_beta_30_budget_0.25,final_average_accuracy,1329807151,0.1678,0.1691,0.0012999999999999956
vanilla,slowheat_hidden_beta_30_budget_0.25,final_average_accuracy,661500785,0.1722,0.173,0.0007999999999999952
vanilla,slowheat_hidden_beta_30_budget_0.25,final_average_accuracy,881911756,0.1744,0.1715,-0.002899999999999986
vanilla,slowheat_hidden_beta_30_budget_0.25,final_average_accuracy,544969310,0.1716,0.1716,0.0
vanilla,slowheat_hidden_beta_30_budget_0.25,final_average_accuracy,498275854,0.1731,0.1721,-0.0010000000000000009
vanilla,slowheat_hidden_beta_30_budget_0.25,final_average_accuracy,1700414243,0.1736,0.1718,-0.001799999999999996
vanilla,slowheat_hidden_beta_30_budget_0.25,final_average_accuracy,303045716,0.1726,0.1718,-0.0007999999999999952
vanilla,slowheat_hidden_beta_30_budget_0.25,average_forgetting,2037868115,0.8280000000000001,0.82575,-0.0022500000000000853
vanilla,slowheat_hidden_beta_30_budget_0.25,average_forgetting,197201656,0.829125,0.824375,-0.004750000000000032
vanilla,slowheat_hidden_beta_30_budget_0.25,average_forgetting,315911652,0.828125,0.828625,0.0004999999999999449
vanilla,slowheat_hidden_beta_30_budget_0.25,average_forgetting,1329807151,0.82825,0.827625,-0.0006249999999999867
vanilla,slowheat_hidden_beta_30_budget_0.25,average_forgetting,661500785,0.8262499999999999,0.8314999999999999,0.005249999999999977
vanilla,slowheat_hidden_beta_30_budget_0.25,average_forgetting,881911756,0.8203750000000001,0.8326250000000001,0.012249999999999983
vanilla,slowheat_hidden_beta_30_budget_0.25,average_forgetting,544969310,0.826125,0.829125,0.0030000000000000027
vanilla,slowheat_hidden_beta_30_budget_0.25,average_forgetting,498275854,0.8332499999999999,0.8246249999999999,-0.008624999999999994
vanilla,slowheat_hidden_beta_30_budget_0.25,average_forgetting,1700414243,0.8287500000000001,0.8340000000000001,0.005249999999999977
vanilla,slowheat_hidden_beta_30_budget_0.25,average_forgetting,303045716,0.8355,0.8290000000000001,-0.00649999999999995
vanilla,slowheat_hidden_beta_30_budget_0.25,backward_transfer,2037868115,-0.8280000000000001,-0.82575,0.0022500000000000853
vanilla,slowheat_hidden_beta_30_budget_0.25,backward_transfer,197201656,-0.829125,-0.824375,0.004750000000000032
vanilla,slowheat_hidden_beta_30_budget_0.25,backward_transfer,315911652,-0.828125,-0.828625,-0.0004999999999999449
vanilla,slowheat_hidden_beta_30_budget_0.25,backward_transfer,1329807151,-0.82825,-0.827625,0.0006249999999999867
vanilla,slowheat_hidden_beta_30_budget_0.25,backward_transfer,661500785,-0.8262499999999999,-0.8314999999999999,-0.005249999999999977
vanilla,slowheat_hidden_beta_30_budget_0.25,backward_transfer,881911756,-0.8203750000000001,-0.8326250000000001,-0.012249999999999983
vanilla,slowheat_hidden_beta_30_budget_0.25,backward_transfer,544969310,-0.826125,-0.829125,-0.0030000000000000027
vanilla,slowheat_hidden_beta_30_budget_0.25,backward_transfer,498275854,-0.8332499999999999,-0.8246249999999999,0.008624999999999994
vanilla,slowheat_hidden_beta_30_budget_0.25,backward_transfer,1700414243,-0.8287500000000001,-0.8340000000000001,-0.005249999999999977
vanilla,slowheat_hidden_beta_30_budget_0.25,backward_transfer,303045716,-0.8355,-0.8290000000000001,0.00649999999999995
vanilla,slowheat_hidden_beta_30_budget_0.25,forward_transfer,2037868115,-0.152875,-0.15637500000000001,-0.003500000000000003
vanilla,slowheat_hidden_beta_30_budget_0.25,forward_transfer,197201656,-0.085375,-0.062625,0.022750000000000006
vanilla,slowheat_hidden_beta_30_budget_0.25,forward_transfer,315911652,-0.22525,-0.22549999999999998,-0.00024999999999997247
vanilla,slowheat_hidden_beta_30_budget_0.25,forward_transfer,1329807151,-0.170875,-0.1775,-0.006624999999999992
vanilla,slowheat_hidden_beta_30_budget_0.25,forward_transfer,661500785,-0.0205,-0.013875,0.006625000000000001
vanilla,slowheat_hidden_beta_30_budget_0.25,forward_transfer,881911756,-0.109625,-0.115625,-0.006000000000000005
vanilla,slowheat_hidden_beta_30_budget_0.25,forward_transfer,544969310,-0.066875,-0.067,-0.0001250000000000001
vanilla,slowheat_hidden_beta_30_budget_0.25,forward_transfer,498275854,-0.05437500000000001,-0.05525000000000001,-0.0008750000000000008
vanilla,slowheat_hidden_beta_30_budget_0.25,forward_transfer,1700414243,-0.046,-0.056375,-0.010375000000000002
vanilla,slowheat_hidden_beta_30_budget_0.25,forward_transfer,303045716,-0.11,-0.104125,0.005875000000000005
vanilla,slowheat_hidden_beta_30_budget_0.25,task_aware_final_accuracy,2037868115,0.5884,0.5468999999999999,-0.04150000000000009
vanilla,slowheat_hidden_beta_30_budget_0.25,task_aware_final_accuracy,197201656,0.5757999999999999,0.5774999999999999,0.0017000000000000348
vanilla,slowheat_hidden_beta_30_budget_0.25,task_aware_final_accuracy,315911652,0.5928000000000001,0.5677000000000001,-0.02510000000000001
vanilla,slowheat_hidden_beta_30_budget_0.25,task_aware_final_accuracy,1329807151,0.6101,0.5700999999999999,-0.040000000000000036
vanilla,slowheat_hidden_beta_30_budget_0.25,task_aware_final_accuracy,661500785,0.5994999999999999,0.5938000000000001,-0.005699999999999816
vanilla,slowheat_hidden_beta_30_budget_0.25,task_aware_final_accuracy,881911756,0.5788,0.5782999999999999,-0.000500000000000056
vanilla,slowheat_hidden_beta_30_budget_0.25,task_aware_final_accuracy,544969310,0.5534,0.6153000000000001,0.061900000000000066
vanilla,slowheat_hidden_beta_30_budget_0.25,task_aware_final_accuracy,498275854,0.6184999999999999,0.6113,-0.007199999999999984
vanilla,slowheat_hidden_beta_30_budget_0.25,task_aware_final_accuracy,1700414243,0.6056999999999999,0.5713,-0.034399999999999875
vanilla,slowheat_hidden_beta_30_budget_0.25,task_aware_final_accuracy,303045716,0.5899,0.5809,-0.009000000000000008
vanilla,slowheat_hidden_beta_30_budget_0.25,task_aware_forgetting,2037868115,0.30437500000000006,0.35675,0.05237499999999995
vanilla,slowheat_hidden_beta_30_budget_0.25,task_aware_forgetting,197201656,0.32400000000000007,0.3185,-0.00550000000000006
vanilla,slowheat_hidden_beta_30_budget_0.25,task_aware_forgetting,315911652,0.30137500000000006,0.334125,0.032749999999999946
vanilla,slowheat_hidden_beta_30_budget_0.25,task_aware_forgetting,1329807151,0.27537500000000004,0.32637499999999997,0.050999999999999934
vanilla,slowheat_hidden_beta_30_budget_0.25,task_aware_forgetting,661500785,0.29212499999999997,0.3055,0.013375000000000026
vanilla,slowheat_hidden_beta_30_budget_0.25,task_aware_forgetting,881911756,0.314875,0.324125,0.00924999999999998
vanilla,slowheat_hidden_beta_30_budget_0.25,task_aware_forgetting,544969310,0.34887500000000005,0.27449999999999997,-0.07437500000000008
vanilla,slowheat_hidden_beta_30_budget_0.25,task_aware_forgetting,498275854,0.27649999999999997,0.275625,-0.0008749999999999591
vanilla,slowheat_hidden_beta_30_budget_0.25,task_aware_forgetting,1700414243,0.28862499999999996,0.334625,0.04600000000000004
vanilla,slowheat_hidden_beta_30_budget_0.25,task_aware_forgetting,303045716,0.31387499999999996,0.31762499999999994,0.0037499999999999756
vanilla,slowheat_hidden_beta_30_budget_0.25,classifier_gap,2037868115,0.41890000000000005,0.3751999999999999,-0.04370000000000013
vanilla,slowheat_hidden_beta_30_budget_0.25,classifier_gap,197201656,0.40409999999999985,0.4046999999999999,0.0006000000000000449
vanilla,slowheat_hidden_beta_30_budget_0.25,classifier_gap,315911652,0.4214000000000001,0.39560000000000006,-0.025800000000000045
vanilla,slowheat_hidden_beta_30_budget_0.25,classifier_gap,1329807151,0.44229999999999997,0.4009999999999999,-0.04130000000000006
vanilla,slowheat_hidden_beta_30_budget_0.25,classifier_gap,661500785,0.4272999999999999,0.4208000000000001,-0.006499999999999784
vanilla,slowheat_hidden_beta_30_budget_0.25,classifier_gap,881911756,0.4044,0.40679999999999994,0.0023999999999999577
vanilla,slowheat_hidden_beta_30_budget_0.25,classifier_gap,544969310,0.38180000000000003,0.4437000000000001,0.061900000000000066
vanilla,slowheat_hidden_beta_30_budget_0.25,classifier_gap,498275854,0.4453999999999999,0.4391999999999999,-0.006199999999999983
vanilla,slowheat_hidden_beta_30_budget_0.25,classifier_gap,1700414243,0.43209999999999993,0.3995,-0.03259999999999991
vanilla,slowheat_hidden_beta_30_budget_0.25,classifier_gap,303045716,0.4173,0.40909999999999996,-0.00820000000000004
vanilla,slowheat_hidden_beta_30_budget_0.25,elapsed_seconds,2037868115,10.29711041902192,19.38484142901143,9.087731009989511
vanilla,slowheat_hidden_beta_30_budget_0.25,elapsed_seconds,197201656,10.28592645097524,19.723930565000046,9.438004114024807
vanilla,slowheat_hidden_beta_30_budget_0.25,elapsed_seconds,315911652,10.308091506012715,19.76902547304053,9.460933967027813
vanilla,slowheat_hidden_beta_30_budget_0.25,elapsed_seconds,1329807151,9.867346957034897,18.645662754017394,8.778315796982497
vanilla,slowheat_hidden_beta_30_budget_0.25,elapsed_seconds,661500785,10.301663441990968,19.812480552995112,9.510817111004144
vanilla,slowheat_hidden_beta_30_budget_0.25,elapsed_seconds,881911756,10.291106075048447,19.660868826962542,9.369762751914095
vanilla,slowheat_hidden_beta_30_budget_0.25,elapsed_seconds,544969310,10.262642105983105,19.26843940897379,9.005797302990686
vanilla,slowheat_hidden_beta_30_budget_0.25,elapsed_seconds,498275854,9.936555953987408,19.74398544698488,9.807429492997471
vanilla,slowheat_hidden_beta_30_budget_0.25,elapsed_seconds,1700414243,10.298307698976714,19.87490701797651,9.576599318999797
vanilla,slowheat_hidden_beta_30_budget_0.25,elapsed_seconds,303045716,10.278002836043015,19.81275216495851,9.534749328915495
vanilla,slowheat_hidden_beta_30_budget_0.25,learner_examples_processed,2037868115,403200.0,403200.0,0.0
vanilla,slowheat_hidden_beta_30_budget_0.25,learner_examples_processed,197201656,403200.0,403200.0,0.0
vanilla,slowheat_hidden_beta_30_budget_0.25,learner_examples_processed,315911652,403200.0,403200.0,0.0
vanilla,slowheat_hidden_beta_30_budget_0.25,learner_examples_processed,1329807151,403200.0,403200.0,0.0
vanilla,slowheat_hidden_beta_30_budget_0.25,learner_examples_processed,661500785,403200.0,403200.0,0.0
vanilla,slowheat_hidden_beta_30_budget_0.25,learner_examples_processed,881911756,403200.0,403200.0,0.0
vanilla,slowheat_hidden_beta_30_budget_0.25,learner_examples_processed,544969310,403200.0,403200.0,0.0
vanilla,slowheat_hidden_beta_30_budget_0.25,learner_examples_processed,498275854,403200.0,403200.0,0.0
vanilla,slowheat_hidden_beta_30_budget_0.25,learner_examples_processed,1700414243,403200.0,403200.0,0.0
vanilla,slowheat_hidden_beta_30_budget_0.25,learner_examples_processed,303045716,403200.0,403200.0,0.0
vanilla,slowheat_hidden_beta_30_budget_0.25,total_model_examples_processed,2037868115,403200.0,403200.0,0.0
vanilla,slowheat_hidden_beta_30_budget_0.25,total_model_examples_processed,197201656,403200.0,403200.0,0.0
vanilla,slowheat_hidden_beta_30_budget_0.25,total_model_examples_processed,315911652,403200.0,403200.0,0.0
vanilla,slowheat_hidden_beta_30_budget_0.25,total_model_examples_processed,1329807151,403200.0,403200.0,0.0
vanilla,slowheat_hidden_beta_30_budget_0.25,total_model_examples_processed,661500785,403200.0,403200.0,0.0
vanilla,slowheat_hidden_beta_30_budget_0.25,total_model_examples_processed,881911756,403200.0,403200.0,0.0
vanilla,slowheat_hidden_beta_30_budget_0.25,total_model_examples_processed,544969310,403200.0,403200.0,0.0
vanilla,slowheat_hidden_beta_30_budget_0.25,total_model_examples_processed,498275854,403200.0,403200.0,0.0
vanilla,slowheat_hidden_beta_30_budget_0.25,total_model_examples_processed,1700414243,403200.0,403200.0,0.0
vanilla,slowheat_hidden_beta_30_budget_0.25,total_model_examples_processed,303045716,403200.0,403200.0,0.0
vanilla,slowheat_hidden_beta_30_budget_0.25,estimated_total_flops,2037868115,8890889011200.0,8904931735040.0,14042723840.0
vanilla,slowheat_hidden_beta_30_budget_0.25,estimated_total_flops,197201656,8890889011200.0,8904931735040.0,14042723840.0
vanilla,slowheat_hidden_beta_30_budget_0.25,estimated_total_flops,315911652,8890889011200.0,8904931735040.0,14042723840.0
vanilla,slowheat_hidden_beta_30_budget_0.25,estimated_total_flops,1329807151,8890889011200.0,8904931735040.0,14042723840.0
vanilla,slowheat_hidden_beta_30_budget_0.25,estimated_total_flops,661500785,8890889011200.0,8904931735040.0,14042723840.0
vanilla,slowheat_hidden_beta_30_budget_0.25,estimated_total_flops,881911756,8890889011200.0,8904931735040.0,14042723840.0
vanilla,slowheat_hidden_beta_30_budget_0.25,estimated_total_flops,544969310,8890889011200.0,8904931735040.0,14042723840.0
vanilla,slowheat_hidden_beta_30_budget_0.25,estimated_total_flops,498275854,8890889011200.0,8904931735040.0,14042723840.0
vanilla,slowheat_hidden_beta_30_budget_0.25,estimated_total_flops,1700414243,8890889011200.0,8904931735040.0,14042723840.0
vanilla,slowheat_hidden_beta_30_budget_0.25,estimated_total_flops,303045716,8890889011200.0,8904931735040.0,14042723840.0
vanilla,slowheat_hidden_beta_30_budget_0.25,estimated_overhead_flops,2037868115,0.0,14042723840.0,14042723840.0
vanilla,slowheat_hidden_beta_30_budget_0.25,estimated_overhead_flops,197201656,0.0,14042723840.0,14042723840.0
vanilla,slowheat_hidden_beta_30_budget_0.25,estimated_overhead_flops,315911652,0.0,14042723840.0,14042723840.0
vanilla,slowheat_hidden_beta_30_budget_0.25,estimated_overhead_flops,1329807151,0.0,14042723840.0,14042723840.0
vanilla,slowheat_hidden_beta_30_budget_0.25,estimated_overhead_flops,661500785,0.0,14042723840.0,14042723840.0
vanilla,slowheat_hidden_beta_30_budget_0.25,estimated_overhead_flops,881911756,0.0,14042723840.0,14042723840.0
vanilla,slowheat_hidden_beta_30_budget_0.25,estimated_overhead_flops,544969310,0.0,14042723840.0,14042723840.0
vanilla,slowheat_hidden_beta_30_budget_0.25,estimated_overhead_flops,498275854,0.0,14042723840.0,14042723840.0
vanilla,slowheat_hidden_beta_30_budget_0.25,estimated_overhead_flops,1700414243,0.0,14042723840.0,14042723840.0
vanilla,slowheat_hidden_beta_30_budget_0.25,estimated_overhead_flops,303045716,0.0,14042723840.0,14042723840.0
vanilla,slowheat_hidden_beta_30_budget_0.25,replay_memory_bytes,2037868115,0.0,0.0,0.0
vanilla,slowheat_hidden_beta_30_budget_0.25,replay_memory_bytes,197201656,0.0,0.0,0.0
vanilla,slowheat_hidden_beta_30_budget_0.25,replay_memory_bytes,315911652,0.0,0.0,0.0
vanilla,slowheat_hidden_beta_30_budget_0.25,replay_memory_bytes,1329807151,0.0,0.0,0.0
vanilla,slowheat_hidden_beta_30_budget_0.25,replay_memory_bytes,661500785,0.0,0.0,0.0
vanilla,slowheat_hidden_beta_30_budget_0.25,replay_memory_bytes,881911756,0.0,0.0,0.0
vanilla,slowheat_hidden_beta_30_budget_0.25,replay_memory_bytes,544969310,0.0,0.0,0.0
vanilla,slowheat_hidden_beta_30_budget_0.25,replay_memory_bytes,498275854,0.0,0.0,0.0
vanilla,slowheat_hidden_beta_30_budget_0.25,replay_memory_bytes,1700414243,0.0,0.0,0.0
vanilla,slowheat_hidden_beta_30_budget_0.25,replay_memory_bytes,303045716,0.0,0.0,0.0
vanilla,slowheat_hidden_beta_30_budget_0.25,stored_logits_bytes,2037868115,0.0,0.0,0.0
vanilla,slowheat_hidden_beta_30_budget_0.25,stored_logits_bytes,197201656,0.0,0.0,0.0
vanilla,slowheat_hidden_beta_30_budget_0.25,stored_logits_bytes,315911652,0.0,0.0,0.0
vanilla,slowheat_hidden_beta_30_budget_0.25,stored_logits_bytes,1329807151,0.0,0.0,0.0
vanilla,slowheat_hidden_beta_30_budget_0.25,stored_logits_bytes,661500785,0.0,0.0,0.0
vanilla,slowheat_hidden_beta_30_budget_0.25,stored_logits_bytes,881911756,0.0,0.0,0.0
vanilla,slowheat_hidden_beta_30_budget_0.25,stored_logits_bytes,544969310,0.0,0.0,0.0
vanilla,slowheat_hidden_beta_30_budget_0.25,stored_logits_bytes,498275854,0.0,0.0,0.0
vanilla,slowheat_hidden_beta_30_budget_0.25,stored_logits_bytes,1700414243,0.0,0.0,0.0
vanilla,slowheat_hidden_beta_30_budget_0.25,stored_logits_bytes,303045716,0.0,0.0,0.0
replay,slowheat_replay_hidden_beta_30_budget_0.25,final_average_accuracy,2037868115,0.20590000000000003,0.20379999999999998,-0.0021000000000000463
replay,slowheat_replay_hidden_beta_30_budget_0.25,final_average_accuracy,197201656,0.20129999999999998,0.20780000000000004,0.006500000000000061
replay,slowheat_replay_hidden_beta_30_budget_0.25,final_average_accuracy,315911652,0.20800000000000002,0.20709999999999998,-0.0009000000000000397
replay,slowheat_replay_hidden_beta_30_budget_0.25,final_average_accuracy,1329807151,0.2028,0.20780000000000004,0.005000000000000032
replay,slowheat_replay_hidden_beta_30_budget_0.25,final_average_accuracy,661500785,0.2043,0.2132,0.008899999999999991
replay,slowheat_replay_hidden_beta_30_budget_0.25,final_average_accuracy,881911756,0.2056,0.20869999999999997,0.003099999999999964
replay,slowheat_replay_hidden_beta_30_budget_0.25,final_average_accuracy,544969310,0.1991,0.20659999999999998,0.007499999999999979
replay,slowheat_replay_hidden_beta_30_budget_0.25,final_average_accuracy,498275854,0.19580000000000003,0.20249999999999999,0.006699999999999956
replay,slowheat_replay_hidden_beta_30_budget_0.25,final_average_accuracy,1700414243,0.20379999999999998,0.2015,-0.0022999999999999687
replay,slowheat_replay_hidden_beta_30_budget_0.25,final_average_accuracy,303045716,0.20990000000000003,0.21230000000000002,0.0023999999999999855
replay,slowheat_replay_hidden_beta_30_budget_0.25,average_forgetting,2037868115,0.7781250000000001,0.7882499999999999,0.010124999999999829
replay,slowheat_replay_hidden_beta_30_budget_0.25,average_forgetting,197201656,0.7867500000000001,0.7785,-0.00825000000000009
replay,slowheat_replay_hidden_beta_30_budget_0.25,average_forgetting,315911652,0.7732500000000001,0.78275,0.009499999999999842
replay,slowheat_replay_hidden_beta_30_budget_0.25,average_forgetting,1329807151,0.784375,0.781625,-0.00275000000000003
replay,slowheat_replay_hidden_beta_30_budget_0.25,average_forgetting,661500785,0.7905,0.7816249999999999,-0.008875000000000077
replay,slowheat_replay_hidden_beta_30_budget_0.25,average_forgetting,881911756,0.7818750000000001,0.782625,0.0007499999999999174
replay,slowheat_replay_hidden_beta_30_budget_0.25,average_forgetting,544969310,0.7885,0.783625,-0.004874999999999963
replay,slowheat_replay_hidden_beta_30_budget_0.25,average_forgetting,498275854,0.794625,0.7858750000000001,-0.008749999999999925
replay,slowheat_replay_hidden_beta_30_budget_0.25,average_forgetting,1700414243,0.787875,0.79275,0.004874999999999963
replay,slowheat_replay_hidden_beta_30_budget_0.25,average_forgetting,303045716,0.78375,0.777375,-0.0063749999999999085
replay,slowheat_replay_hidden_beta_30_budget_0.25,backward_transfer,2037868115,-0.7781250000000001,-0.7882499999999999,-0.010124999999999829
replay,slowheat_replay_hidden_beta_30_budget_0.25,backward_transfer,197201656,-0.7867500000000001,-0.7785,0.00825000000000009
replay,slowheat_replay_hidden_beta_30_budget_0.25,backward_transfer,315911652,-0.7732500000000001,-0.78275,-0.009499999999999842
replay,slowheat_replay_hidden_beta_30_budget_0.25,backward_transfer,1329807151,-0.784375,-0.781625,0.00275000000000003
replay,slowheat_replay_hidden_beta_30_budget_0.25,backward_transfer,661500785,-0.7905,-0.7816249999999999,0.008875000000000077
replay,slowheat_replay_hidden_beta_30_budget_0.25,backward_transfer,881911756,-0.7818750000000001,-0.782625,-0.0007499999999999174
replay,slowheat_replay_hidden_beta_30_budget_0.25,backward_transfer,544969310,-0.7885,-0.783625,0.004874999999999963
replay,slowheat_replay_hidden_beta_30_budget_0.25,backward_transfer,498275854,-0.794625,-0.7858750000000001,0.008749999999999925
replay,slowheat_replay_hidden_beta_30_budget_0.25,backward_transfer,1700414243,-0.787875,-0.79275,-0.004874999999999963
replay,slowheat_replay_hidden_beta_30_budget_0.25,backward_transfer,303045716,-0.78375,-0.777375,0.0063749999999999085
replay,slowheat_replay_hidden_beta_30_budget_0.25,forward_transfer,2037868115,-0.15487499999999998,-0.155875,-0.0010000000000000286
replay,slowheat_replay_hidden_beta_30_budget_0.25,forward_transfer,197201656,-0.08487499999999999,-0.06174999999999999,0.023125
replay,slowheat_replay_hidden_beta_30_budget_0.25,forward_transfer,315911652,-0.222875,-0.225375,-0.0025000000000000022
replay,slowheat_replay_hidden_beta_30_budget_0.25,forward_transfer,1329807151,-0.17087499999999997,-0.1775,-0.00662500000000002
replay,slowheat_replay_hidden_beta_30_budget_0.25,forward_transfer,661500785,-0.017125,-0.013,0.004125000000000002
replay,slowheat_replay_hidden_beta_30_budget_0.25,forward_transfer,881911756,-0.109625,-0.115625,-0.006000000000000005
replay,slowheat_replay_hidden_beta_30_budget_0.25,forward_transfer,544969310,-0.066875,-0.067,-0.0001250000000000001
replay,slowheat_replay_hidden_beta_30_budget_0.25,forward_transfer,498275854,-0.05437500000000001,-0.05525000000000001,-0.0008750000000000008
replay,slowheat_replay_hidden_beta_30_budget_0.25,forward_transfer,1700414243,-0.044625,-0.0555,-0.010875000000000003
replay,slowheat_replay_hidden_beta_30_budget_0.25,forward_transfer,303045716,-0.107,-0.10375000000000001,0.003249999999999989
replay,slowheat_replay_hidden_beta_30_budget_0.25,task_aware_final_accuracy,2037868115,0.7372,0.7112,-0.025999999999999912
replay,slowheat_replay_hidden_beta_30_budget_0.25,task_aware_final_accuracy,197201656,0.6997,0.722,0.022299999999999986
replay,slowheat_replay_hidden_beta_30_budget_0.25,task_aware_final_accuracy,315911652,0.6855,0.7148000000000001,0.029300000000000104
replay,slowheat_replay_hidden_beta_30_budget_0.25,task_aware_final_accuracy,1329807151,0.6797,0.7291000000000001,0.04940000000000011
replay,slowheat_replay_hidden_beta_30_budget_0.25,task_aware_final_accuracy,661500785,0.6898,0.7266999999999999,0.03689999999999993
replay,slowheat_replay_hidden_beta_30_budget_0.25,task_aware_final_accuracy,881911756,0.7067,0.7361000000000001,0.029400000000000093
replay,slowheat_replay_hidden_beta_30_budget_0.25,task_aware_final_accuracy,544969310,0.7025,0.6947,-0.007800000000000029
replay,slowheat_replay_hidden_beta_30_budget_0.25,task_aware_final_accuracy,498275854,0.7066000000000001,0.7282000000000001,0.021599999999999953
replay,slowheat_replay_hidden_beta_30_budget_0.25,task_aware_final_accuracy,1700414243,0.7263999999999999,0.7198,-0.006599999999999939
replay,slowheat_replay_hidden_beta_30_budget_0.25,task_aware_final_accuracy,303045716,0.7061999999999999,0.7088,0.0026000000000000467
replay,slowheat_replay_hidden_beta_30_budget_0.25,task_aware_forgetting,2037868115,0.116125,0.15525,0.03912499999999999
replay,slowheat_replay_hidden_beta_30_budget_0.25,task_aware_forgetting,197201656,0.16525,0.13800000000000004,-0.02724999999999997
replay,slowheat_replay_hidden_beta_30_budget_0.25,task_aware_forgetting,315911652,0.17787500000000003,0.149875,-0.028000000000000025
replay,slowheat_replay_hidden_beta_30_budget_0.25,task_aware_forgetting,1329807151,0.19025,0.130875,-0.05937500000000001
replay,slowheat_replay_hidden_beta_30_budget_0.25,task_aware_forgetting,661500785,0.18587499999999998,0.14200000000000002,-0.04387499999999997
replay,slowheat_replay_hidden_beta_30_budget_0.25,task_aware_forgetting,881911756,0.15837500000000002,0.125375,-0.03300000000000003
replay,slowheat_replay_hidden_beta_30_budget_0.25,task_aware_forgetting,544969310,0.16012499999999996,0.17500000000000002,0.014875000000000055
replay,slowheat_replay_hidden_beta_30_budget_0.25,task_aware_forgetting,498275854,0.15724999999999997,0.130875,-0.026374999999999982
replay,slowheat_replay_hidden_beta_30_budget_0.25,task_aware_forgetting,1700414243,0.136375,0.14625,0.009874999999999995
replay,slowheat_replay_hidden_beta_30_budget_0.25,task_aware_forgetting,303045716,0.16499999999999998,0.15862500000000002,-0.006374999999999964
replay,slowheat_replay_hidden_beta_30_budget_0.25,classifier_gap,2037868115,0.5312999999999999,0.5074000000000001,-0.02389999999999981
replay,slowheat_replay_hidden_beta_30_budget_0.25,classifier_gap,197201656,0.4984,0.5142,0.01579999999999998
replay,slowheat_replay_hidden_beta_30_budget_0.25,classifier_gap,315911652,0.4775,0.5077000000000002,0.03020000000000017
replay,slowheat_replay_hidden_beta_30_budget_0.25,classifier_gap,1329807151,0.4769,0.5213000000000001,0.044400000000000106
replay,slowheat_replay_hidden_beta_30_budget_0.25,classifier_gap,661500785,0.48549999999999993,0.5134999999999998,0.027999999999999914
replay,slowheat_replay_hidden_beta_30_budget_0.25,classifier_gap,881911756,0.5011,0.5274000000000001,0.0263000000000001
replay,slowheat_replay_hidden_beta_30_budget_0.25,classifier_gap,544969310,0.5034000000000001,0.4881,-0.015300000000000091
replay,slowheat_replay_hidden_beta_30_budget_0.25,classifier_gap,498275854,0.5108000000000001,0.5257000000000001,0.014899999999999913
replay,slowheat_replay_hidden_beta_30_budget_0.25,classifier_gap,1700414243,0.5226,0.5183,-0.0042999999999999705
replay,slowheat_replay_hidden_beta_30_budget_0.25,classifier_gap,303045716,0.4962999999999999,0.49649999999999994,0.00020000000000003348
replay,slowheat_replay_hidden_beta_30_budget_0.25,elapsed_seconds,2037868115,14.348122733994387,23.448908619990107,9.10078588599572
replay,slowheat_replay_hidden_beta_30_budget_0.25,elapsed_seconds,197201656,14.416519797989167,23.986378874978982,9.569859076989815
replay,slowheat_replay_hidden_beta_30_budget_0.25,elapsed_seconds,315911652,14.602859752019867,23.940920350025408,9.33806059800554
replay,slowheat_replay_hidden_beta_30_budget_0.25,elapsed_seconds,1329807151,12.758580098976381,24.084202661004383,11.325622562028002
replay,slowheat_replay_hidden_beta_30_budget_0.25,elapsed_seconds,661500785,14.245447951019742,23.81850191997364,9.5730539689539
replay,slowheat_replay_hidden_beta_30_budget_0.25,elapsed_seconds,881911756,14.27939309598878,23.881249794969335,9.601856698980555
replay,slowheat_replay_hidden_beta_30_budget_0.25,elapsed_seconds,544969310,13.234147809038404,23.885090389987454,10.65094258094905
replay,slowheat_replay_hidden_beta_30_budget_0.25,elapsed_seconds,498275854,14.462201687972993,24.182469464023598,9.720267776050605
replay,slowheat_replay_hidden_beta_30_budget_0.25,elapsed_seconds,1700414243,14.381526934041176,24.001954111037776,9.6204271769966
replay,slowheat_replay_hidden_beta_30_budget_0.25,elapsed_seconds,303045716,14.446468025969807,24.136088647996075,9.689620622026268
replay,slowheat_replay_hidden_beta_30_budget_0.25,learner_examples_processed,2037868115,564480.0,564480.0,0.0
replay,slowheat_replay_hidden_beta_30_budget_0.25,learner_examples_processed,197201656,564480.0,564480.0,0.0
replay,slowheat_replay_hidden_beta_30_budget_0.25,learner_examples_processed,315911652,564480.0,564480.0,0.0
replay,slowheat_replay_hidden_beta_30_budget_0.25,learner_examples_processed,1329807151,564480.0,564480.0,0.0
replay,slowheat_replay_hidden_beta_30_budget_0.25,learner_examples_processed,661500785,564480.0,564480.0,0.0
replay,slowheat_replay_hidden_beta_30_budget_0.25,learner_examples_processed,881911756,564480.0,564480.0,0.0
replay,slowheat_replay_hidden_beta_30_budget_0.25,learner_examples_processed,544969310,564480.0,564480.0,0.0
replay,slowheat_replay_hidden_beta_30_budget_0.25,learner_examples_processed,498275854,564480.0,564480.0,0.0
replay,slowheat_replay_hidden_beta_30_budget_0.25,learner_examples_processed,1700414243,564480.0,564480.0,0.0
replay,slowheat_replay_hidden_beta_30_budget_0.25,learner_examples_processed,303045716,564480.0,564480.0,0.0
replay,slowheat_replay_hidden_beta_30_budget_0.25,total_model_examples_processed,2037868115,564480.0,564480.0,0.0
replay,slowheat_replay_hidden_beta_30_budget_0.25,total_model_examples_processed,197201656,564480.0,564480.0,0.0
replay,slowheat_replay_hidden_beta_30_budget_0.25,total_model_examples_processed,315911652,564480.0,564480.0,0.0
replay,slowheat_replay_hidden_beta_30_budget_0.25,total_model_examples_processed,1329807151,564480.0,564480.0,0.0
replay,slowheat_replay_hidden_beta_30_budget_0.25,total_model_examples_processed,661500785,564480.0,564480.0,0.0
replay,slowheat_replay_hidden_beta_30_budget_0.25,total_model_examples_processed,881911756,564480.0,564480.0,0.0
replay,slowheat_replay_hidden_beta_30_budget_0.25,total_model_examples_processed,544969310,564480.0,564480.0,0.0
replay,slowheat_replay_hidden_beta_30_budget_0.25,total_model_examples_processed,498275854,564480.0,564480.0,0.0
replay,slowheat_replay_hidden_beta_30_budget_0.25,total_model_examples_processed,1700414243,564480.0,564480.0,0.0
replay,slowheat_replay_hidden_beta_30_budget_0.25,total_model_examples_processed,303045716,564480.0,564480.0,0.0
replay,slowheat_replay_hidden_beta_30_budget_0.25,estimated_total_flops,2037868115,12447244615680.0,12462278243840.0,15033628160.0
replay,slowheat_replay_hidden_beta_30_budget_0.25,estimated_total_flops,197201656,12447244615680.0,12462278243840.0,15033628160.0
replay,slowheat_replay_hidden_beta_30_budget_0.25,estimated_total_flops,315911652,12447244615680.0,12462278243840.0,15033628160.0
replay,slowheat_replay_hidden_beta_30_budget_0.25,estimated_total_flops,1329807151,12447244615680.0,12462278243840.0,15033628160.0
replay,slowheat_replay_hidden_beta_30_budget_0.25,estimated_total_flops,661500785,12447244615680.0,12462278243840.0,15033628160.0
replay,slowheat_replay_hidden_beta_30_budget_0.25,estimated_total_flops,881911756,12447244615680.0,12462278243840.0,15033628160.0
replay,slowheat_replay_hidden_beta_30_budget_0.25,estimated_total_flops,544969310,12447244615680.0,12462278243840.0,15033628160.0
replay,slowheat_replay_hidden_beta_30_budget_0.25,estimated_total_flops,498275854,12447244615680.0,12462278243840.0,15033628160.0
replay,slowheat_replay_hidden_beta_30_budget_0.25,estimated_total_flops,1700414243,12447244615680.0,12462278243840.0,15033628160.0
replay,slowheat_replay_hidden_beta_30_budget_0.25,estimated_total_flops,303045716,12447244615680.0,12462278243840.0,15033628160.0
replay,slowheat_replay_hidden_beta_30_budget_0.25,estimated_overhead_flops,2037868115,0.0,15033628160.0,15033628160.0
replay,slowheat_replay_hidden_beta_30_budget_0.25,estimated_overhead_flops,197201656,0.0,15033628160.0,15033628160.0
replay,slowheat_replay_hidden_beta_30_budget_0.25,estimated_overhead_flops,315911652,0.0,15033628160.0,15033628160.0
replay,slowheat_replay_hidden_beta_30_budget_0.25,estimated_overhead_flops,1329807151,0.0,15033628160.0,15033628160.0
replay,slowheat_replay_hidden_beta_30_budget_0.25,estimated_overhead_flops,661500785,0.0,15033628160.0,15033628160.0
replay,slowheat_replay_hidden_beta_30_budget_0.25,estimated_overhead_flops,881911756,0.0,15033628160.0,15033628160.0
replay,slowheat_replay_hidden_beta_30_budget_0.25,estimated_overhead_flops,544969310,0.0,15033628160.0,15033628160.0
replay,slowheat_replay_hidden_beta_30_budget_0.25,estimated_overhead_flops,498275854,0.0,15033628160.0,15033628160.0
replay,slowheat_replay_hidden_beta_30_budget_0.25,estimated_overhead_flops,1700414243,0.0,15033628160.0,15033628160.0
replay,slowheat_replay_hidden_beta_30_budget_0.25,estimated_overhead_flops,303045716,0.0,15033628160.0,15033628160.0
replay,slowheat_replay_hidden_beta_30_budget_0.25,replay_memory_bytes,2037868115,2459200.0,2459200.0,0.0
replay,slowheat_replay_hidden_beta_30_budget_0.25,replay_memory_bytes,197201656,2459200.0,2459200.0,0.0
replay,slowheat_replay_hidden_beta_30_budget_0.25,replay_memory_bytes,315911652,2459200.0,2459200.0,0.0
replay,slowheat_replay_hidden_beta_30_budget_0.25,replay_memory_bytes,1329807151,2459200.0,2459200.0,0.0
replay,slowheat_replay_hidden_beta_30_budget_0.25,replay_memory_bytes,661500785,2459200.0,2459200.0,0.0
replay,slowheat_replay_hidden_beta_30_budget_0.25,replay_memory_bytes,881911756,2459200.0,2459200.0,0.0
replay,slowheat_replay_hidden_beta_30_budget_0.25,replay_memory_bytes,544969310,2459200.0,2459200.0,0.0
replay,slowheat_replay_hidden_beta_30_budget_0.25,replay_memory_bytes,498275854,2459200.0,2459200.0,0.0
replay,slowheat_replay_hidden_beta_30_budget_0.25,replay_memory_bytes,1700414243,2459200.0,2459200.0,0.0
replay,slowheat_replay_hidden_beta_30_budget_0.25,replay_memory_bytes,303045716,2459200.0,2459200.0,0.0
replay,slowheat_replay_hidden_beta_30_budget_0.25,stored_logits_bytes,2037868115,0.0,0.0,0.0
replay,slowheat_replay_hidden_beta_30_budget_0.25,stored_logits_bytes,197201656,0.0,0.0,0.0
replay,slowheat_replay_hidden_beta_30_budget_0.25,stored_logits_bytes,315911652,0.0,0.0,0.0
replay,slowheat_replay_hidden_beta_30_budget_0.25,stored_logits_bytes,1329807151,0.0,0.0,0.0
replay,slowheat_replay_hidden_beta_30_budget_0.25,stored_logits_bytes,661500785,0.0,0.0,0.0
replay,slowheat_replay_hidden_beta_30_budget_0.25,stored_logits_bytes,881911756,0.0,0.0,0.0
replay,slowheat_replay_hidden_beta_30_budget_0.25,stored_logits_bytes,544969310,0.0,0.0,0.0
replay,slowheat_replay_hidden_beta_30_budget_0.25,stored_logits_bytes,498275854,0.0,0.0,0.0
replay,slowheat_replay_hidden_beta_30_budget_0.25,stored_logits_bytes,1700414243,0.0,0.0,0.0
replay,slowheat_replay_hidden_beta_30_budget_0.25,stored_logits_bytes,303045716,0.0,0.0,0.0
derpp,slowheat_derpp_hidden_beta_30_budget_0.25,final_average_accuracy,2037868115,0.21550000000000002,0.20249999999999999,-0.01300000000000004
derpp,slowheat_derpp_hidden_beta_30_budget_0.25,final_average_accuracy,197201656,0.22349999999999998,0.2076,-0.01589999999999997
derpp,slowheat_derpp_hidden_beta_30_budget_0.25,final_average_accuracy,315911652,0.22210000000000002,0.2157,-0.006400000000000017
derpp,slowheat_derpp_hidden_beta_30_budget_0.25,final_average_accuracy,1329807151,0.2136,0.2056,-0.008000000000000007
derpp,slowheat_derpp_hidden_beta_30_budget_0.25,final_average_accuracy,661500785,0.2263,0.21349999999999997,-0.012800000000000034
derpp,slowheat_derpp_hidden_beta_30_budget_0.25,final_average_accuracy,881911756,0.22269999999999998,0.21280000000000002,-0.009899999999999964
derpp,slowheat_derpp_hidden_beta_30_budget_0.25,final_average_accuracy,544969310,0.22039999999999998,0.2123,-0.008099999999999996
derpp,slowheat_derpp_hidden_beta_30_budget_0.25,final_average_accuracy,498275854,0.21870000000000003,0.20659999999999998,-0.012100000000000055
derpp,slowheat_derpp_hidden_beta_30_budget_0.25,final_average_accuracy,1700414243,0.2222,0.20579999999999998,-0.016400000000000026
derpp,slowheat_derpp_hidden_beta_30_budget_0.25,final_average_accuracy,303045716,0.22610000000000002,0.21539999999999998,-0.010700000000000043
derpp,slowheat_derpp_hidden_beta_30_budget_0.25,average_forgetting,2037868115,0.7729999999999999,0.789375,0.01637500000000014
derpp,slowheat_derpp_hidden_beta_30_budget_0.25,average_forgetting,197201656,0.7637499999999999,0.778125,0.014375000000000027
derpp,slowheat_derpp_hidden_beta_30_budget_0.25,average_forgetting,315911652,0.7638750000000001,0.769875,0.005999999999999894
derpp,slowheat_derpp_hidden_beta_30_budget_0.25,average_forgetting,1329807151,0.7773749999999999,0.78625,0.008875000000000077
derpp,slowheat_derpp_hidden_beta_30_budget_0.25,average_forgetting,661500785,0.7630000000000001,0.785625,0.022624999999999895
derpp,slowheat_derpp_hidden_beta_30_budget_0.25,average_forgetting,881911756,0.7671250000000001,0.77725,0.01012499999999994
derpp,slowheat_derpp_hidden_beta_30_budget_0.25,average_forgetting,544969310,0.76425,0.7775000000000001,0.013250000000000095
derpp,slowheat_derpp_hidden_beta_30_budget_0.25,average_forgetting,498275854,0.7675,0.7822500000000001,0.014750000000000152
derpp,slowheat_derpp_hidden_beta_30_budget_0.25,average_forgetting,1700414243,0.77225,0.784875,0.012624999999999997
derpp,slowheat_derpp_hidden_beta_30_budget_0.25,average_forgetting,303045716,0.765625,0.7702499999999999,0.004624999999999879
derpp,slowheat_derpp_hidden_beta_30_budget_0.25,backward_transfer,2037868115,-0.7729999999999999,-0.789375,-0.01637500000000014
derpp,slowheat_derpp_hidden_beta_30_budget_0.25,backward_transfer,197201656,-0.7637499999999999,-0.778125,-0.014375000000000027
derpp,slowheat_derpp_hidden_beta_30_budget_0.25,backward_transfer,315911652,-0.7638750000000001,-0.769875,-0.005999999999999894
derpp,slowheat_derpp_hidden_beta_30_budget_0.25,backward_transfer,1329807151,-0.7773749999999999,-0.78625,-0.008875000000000077
derpp,slowheat_derpp_hidden_beta_30_budget_0.25,backward_transfer,661500785,-0.7630000000000001,-0.785625,-0.022624999999999895
derpp,slowheat_derpp_hidden_beta_30_budget_0.25,backward_transfer,881911756,-0.7671250000000001,-0.77725,-0.01012499999999994
derpp,slowheat_derpp_hidden_beta_30_budget_0.25,backward_transfer,544969310,-0.76425,-0.7775000000000001,-0.013250000000000095
derpp,slowheat_derpp_hidden_beta_30_budget_0.25,backward_transfer,498275854,-0.7675,-0.7822500000000001,-0.014750000000000152
derpp,slowheat_derpp_hidden_beta_30_budget_0.25,backward_transfer,1700414243,-0.77225,-0.784875,-0.012624999999999997
derpp,slowheat_derpp_hidden_beta_30_budget_0.25,backward_transfer,303045716,-0.765625,-0.7702499999999999,-0.004624999999999879
derpp,slowheat_derpp_hidden_beta_30_budget_0.25,forward_transfer,2037868115,-0.156125,-0.15637500000000001,-0.0002500000000000002
derpp,slowheat_derpp_hidden_beta_30_budget_0.25,forward_transfer,197201656,-0.085375,-0.062625,0.022750000000000006
derpp,slowheat_derpp_hidden_beta_30_budget_0.25,forward_transfer,315911652,-0.22525,-0.22549999999999998,-0.00024999999999997247
derpp,slowheat_derpp_hidden_beta_30_budget_0.25,forward_transfer,1329807151,-0.17099999999999999,-0.1775,-0.006500000000000006
derpp,slowheat_derpp_hidden_beta_30_budget_0.25,forward_transfer,661500785,-0.0205,-0.013625,0.006875000000000001
derpp,slowheat_derpp_hidden_beta_30_budget_0.25,forward_transfer,881911756,-0.1095,-0.115625,-0.0061250000000000054
derpp,slowheat_derpp_hidden_beta_30_budget_0.25,forward_transfer,544969310,-0.066875,-0.067,-0.0001250000000000001
derpp,slowheat_derpp_hidden_beta_30_budget_0.25,forward_transfer,498275854,-0.05437500000000001,-0.05512500000000001,-0.0007500000000000007
derpp,slowheat_derpp_hidden_beta_30_budget_0.25,forward_transfer,1700414243,-0.046125,-0.05625,-0.010125000000000002
derpp,slowheat_derpp_hidden_beta_30_budget_0.25,forward_transfer,303045716,-0.11,-0.104125,0.005875000000000005
derpp,slowheat_derpp_hidden_beta_30_budget_0.25,task_aware_final_accuracy,2037868115,0.6852,0.7001,0.014899999999999913
derpp,slowheat_derpp_hidden_beta_30_budget_0.25,task_aware_final_accuracy,197201656,0.6664000000000001,0.6842,0.017799999999999927
derpp,slowheat_derpp_hidden_beta_30_budget_0.25,task_aware_final_accuracy,315911652,0.6905,0.6881,-0.0023999999999999577
derpp,slowheat_derpp_hidden_beta_30_budget_0.25,task_aware_final_accuracy,1329807151,0.6936,0.6819000000000001,-0.011699999999999933
derpp,slowheat_derpp_hidden_beta_30_budget_0.25,task_aware_final_accuracy,661500785,0.6683,0.6968,0.02849999999999997
derpp,slowheat_derpp_hidden_beta_30_budget_0.25,task_aware_final_accuracy,881911756,0.6755,0.6923,0.016800000000000037
derpp,slowheat_derpp_hidden_beta_30_budget_0.25,task_aware_final_accuracy,544969310,0.667,0.6567000000000001,-0.010299999999999976
derpp,slowheat_derpp_hidden_beta_30_budget_0.25,task_aware_final_accuracy,498275854,0.6796,0.6928,0.01319999999999999
derpp,slowheat_derpp_hidden_beta_30_budget_0.25,task_aware_final_accuracy,1700414243,0.6914999999999999,0.6715,-0.019999999999999907
derpp,slowheat_derpp_hidden_beta_30_budget_0.25,task_aware_final_accuracy,303045716,0.6679,0.699,0.031099999999999905
derpp,slowheat_derpp_hidden_beta_30_budget_0.25,task_aware_forgetting,2037868115,0.18675,0.168875,-0.017875000000000002
derpp,slowheat_derpp_hidden_beta_30_budget_0.25,task_aware_forgetting,197201656,0.21187499999999998,0.18325,-0.028624999999999984
derpp,slowheat_derpp_hidden_beta_30_budget_0.25,task_aware_forgetting,315911652,0.179875,0.18075000000000002,0.0008750000000000147
derpp,slowheat_derpp_hidden_beta_30_budget_0.25,task_aware_forgetting,1329807151,0.17825,0.19237499999999996,0.014124999999999971
derpp,slowheat_derpp_hidden_beta_30_budget_0.25,task_aware_forgetting,661500785,0.21325,0.18287499999999998,-0.030375000000000013
derpp,slowheat_derpp_hidden_beta_30_budget_0.25,task_aware_forgetting,881911756,0.20262499999999997,0.17900000000000005,-0.023624999999999924
derpp,slowheat_derpp_hidden_beta_30_budget_0.25,task_aware_forgetting,544969310,0.207,0.223375,0.016375
derpp,slowheat_derpp_hidden_beta_30_budget_0.25,task_aware_forgetting,498275854,0.19375,0.175375,-0.018375000000000002
derpp,slowheat_derpp_hidden_beta_30_budget_0.25,task_aware_forgetting,1700414243,0.18687499999999999,0.20374999999999996,0.016874999999999973
derpp,slowheat_derpp_hidden_beta_30_budget_0.25,task_aware_forgetting,303045716,0.21512499999999998,0.166875,-0.04824999999999999
derpp,slowheat_derpp_hidden_beta_30_budget_0.25,classifier_gap,2037868115,0.4697,0.49759999999999993,0.027899999999999925
derpp,slowheat_derpp_hidden_beta_30_budget_0.25,classifier_gap,197201656,0.4429000000000001,0.4766,0.0336999999999999
derpp,slowheat_derpp_hidden_beta_30_budget_0.25,classifier_gap,315911652,0.4684,0.47240000000000004,0.004000000000000059
derpp,slowheat_derpp_hidden_beta_30_budget_0.25,classifier_gap,1329807151,0.48,0.47630000000000006,-0.0036999999999999256
derpp,slowheat_derpp_hidden_beta_30_budget_0.25,classifier_gap,661500785,0.442,0.4833,0.0413
derpp,slowheat_derpp_hidden_beta_30_budget_0.25,classifier_gap,881911756,0.4528,0.47950000000000004,0.026700000000000057
derpp,slowheat_derpp_hidden_beta_30_budget_0.25,classifier_gap,544969310,0.44660000000000005,0.4444000000000001,-0.0021999999999999797
derpp,slowheat_derpp_hidden_beta_30_budget_0.25,classifier_gap,498275854,0.4609,0.48619999999999997,0.02529999999999999
derpp,slowheat_derpp_hidden_beta_30_budget_0.25,classifier_gap,1700414243,0.4692999999999999,0.4657,-0.003599999999999881
derpp,slowheat_derpp_hidden_beta_30_budget_0.25,classifier_gap,303045716,0.4418,0.4836,0.04179999999999995
derpp,slowheat_derpp_hidden_beta_30_budget_0.25,elapsed_seconds,2037868115,14.827076203015167,24.215029317012522,9.387953113997355
derpp,slowheat_derpp_hidden_beta_30_budget_0.25,elapsed_seconds,197201656,15.148938437981997,24.19770687597338,9.048768437991384
derpp,slowheat_derpp_hidden_beta_30_budget_0.25,elapsed_seconds,315911652,14.87862487201346,24.26395567302825,9.385330801014788
derpp,slowheat_derpp_hidden_beta_30_budget_0.25,elapsed_seconds,1329807151,15.010448154993355,24.48180529102683,9.471357136033475
derpp,slowheat_derpp_hidden_beta_30_budget_0.25,elapsed_seconds,661500785,14.741698010999244,24.099036992003676,9.357338981004432
derpp,slowheat_derpp_hidden_beta_30_budget_0.25,elapsed_seconds,881911756,14.677709690004122,23.872047819953877,9.194338129949756
derpp,slowheat_derpp_hidden_beta_30_budget_0.25,elapsed_seconds,544969310,14.881908865994774,24.022783194028307,9.140874328033533
derpp,slowheat_derpp_hidden_beta_30_budget_0.25,elapsed_seconds,498275854,14.972023732028902,24.48811644600937,9.51609271398047
derpp,slowheat_derpp_hidden_beta_30_budget_0.25,elapsed_seconds,1700414243,15.061244004988112,24.06659420800861,9.005350203020498
derpp,slowheat_derpp_hidden_beta_30_budget_0.25,elapsed_seconds,303045716,15.009783014014829,24.457682558044326,9.447899544029497
derpp,slowheat_derpp_hidden_beta_30_budget_0.25,learner_examples_processed,2037868115,564480.0,564480.0,0.0
derpp,slowheat_derpp_hidden_beta_30_budget_0.25,learner_examples_processed,197201656,564480.0,564480.0,0.0
derpp,slowheat_derpp_hidden_beta_30_budget_0.25,learner_examples_processed,315911652,564480.0,564480.0,0.0
derpp,slowheat_derpp_hidden_beta_30_budget_0.25,learner_examples_processed,1329807151,564480.0,564480.0,0.0
derpp,slowheat_derpp_hidden_beta_30_budget_0.25,learner_examples_processed,661500785,564480.0,564480.0,0.0
derpp,slowheat_derpp_hidden_beta_30_budget_0.25,learner_examples_processed,881911756,564480.0,564480.0,0.0
derpp,slowheat_derpp_hidden_beta_30_budget_0.25,learner_examples_processed,544969310,564480.0,564480.0,0.0
derpp,slowheat_derpp_hidden_beta_30_budget_0.25,learner_examples_processed,498275854,564480.0,564480.0,0.0
derpp,slowheat_derpp_hidden_beta_30_budget_0.25,learner_examples_processed,1700414243,564480.0,564480.0,0.0
derpp,slowheat_derpp_hidden_beta_30_budget_0.25,learner_examples_processed,303045716,564480.0,564480.0,0.0
derpp,slowheat_derpp_hidden_beta_30_budget_0.25,total_model_examples_processed,2037868115,564480.0,564480.0,0.0
derpp,slowheat_derpp_hidden_beta_30_budget_0.25,total_model_examples_processed,197201656,564480.0,564480.0,0.0
derpp,slowheat_derpp_hidden_beta_30_budget_0.25,total_model_examples_processed,315911652,564480.0,564480.0,0.0
derpp,slowheat_derpp_hidden_beta_30_budget_0.25,total_model_examples_processed,1329807151,564480.0,564480.0,0.0
derpp,slowheat_derpp_hidden_beta_30_budget_0.25,total_model_examples_processed,661500785,564480.0,564480.0,0.0
derpp,slowheat_derpp_hidden_beta_30_budget_0.25,total_model_examples_processed,881911756,564480.0,564480.0,0.0
derpp,slowheat_derpp_hidden_beta_30_budget_0.25,total_model_examples_processed,544969310,564480.0,564480.0,0.0
derpp,slowheat_derpp_hidden_beta_30_budget_0.25,total_model_examples_processed,498275854,564480.0,564480.0,0.0
derpp,slowheat_derpp_hidden_beta_30_budget_0.25,total_model_examples_processed,1700414243,564480.0,564480.0,0.0
derpp,slowheat_derpp_hidden_beta_30_budget_0.25,total_model_examples_processed,303045716,564480.0,564480.0,0.0
derpp,slowheat_derpp_hidden_beta_30_budget_0.25,estimated_total_flops,2037868115,12447244615680.0,12462278243840.0,15033628160.0
derpp,slowheat_derpp_hidden_beta_30_budget_0.25,estimated_total_flops,197201656,12447244615680.0,12462278243840.0,15033628160.0
derpp,slowheat_derpp_hidden_beta_30_budget_0.25,estimated_total_flops,315911652,12447244615680.0,12462278243840.0,15033628160.0
derpp,slowheat_derpp_hidden_beta_30_budget_0.25,estimated_total_flops,1329807151,12447244615680.0,12462278243840.0,15033628160.0
derpp,slowheat_derpp_hidden_beta_30_budget_0.25,estimated_total_flops,661500785,12447244615680.0,12462278243840.0,15033628160.0
derpp,slowheat_derpp_hidden_beta_30_budget_0.25,estimated_total_flops,881911756,12447244615680.0,12462278243840.0,15033628160.0
derpp,slowheat_derpp_hidden_beta_30_budget_0.25,estimated_total_flops,544969310,12447244615680.0,12462278243840.0,15033628160.0
derpp,slowheat_derpp_hidden_beta_30_budget_0.25,estimated_total_flops,498275854,12447244615680.0,12462278243840.0,15033628160.0
derpp,slowheat_derpp_hidden_beta_30_budget_0.25,estimated_total_flops,1700414243,12447244615680.0,12462278243840.0,15033628160.0
derpp,slowheat_derpp_hidden_beta_30_budget_0.25,estimated_total_flops,303045716,12447244615680.0,12462278243840.0,15033628160.0
derpp,slowheat_derpp_hidden_beta_30_budget_0.25,estimated_overhead_flops,2037868115,0.0,15033628160.0,15033628160.0
derpp,slowheat_derpp_hidden_beta_30_budget_0.25,estimated_overhead_flops,197201656,0.0,15033628160.0,15033628160.0
derpp,slowheat_derpp_hidden_beta_30_budget_0.25,estimated_overhead_flops,315911652,0.0,15033628160.0,15033628160.0
derpp,slowheat_derpp_hidden_beta_30_budget_0.25,estimated_overhead_flops,1329807151,0.0,15033628160.0,15033628160.0
derpp,slowheat_derpp_hidden_beta_30_budget_0.25,estimated_overhead_flops,661500785,0.0,15033628160.0,15033628160.0
derpp,slowheat_derpp_hidden_beta_30_budget_0.25,estimated_overhead_flops,881911756,0.0,15033628160.0,15033628160.0
derpp,slowheat_derpp_hidden_beta_30_budget_0.25,estimated_overhead_flops,544969310,0.0,15033628160.0,15033628160.0
derpp,slowheat_derpp_hidden_beta_30_budget_0.25,estimated_overhead_flops,498275854,0.0,15033628160.0,15033628160.0
derpp,slowheat_derpp_hidden_beta_30_budget_0.25,estimated_overhead_flops,1700414243,0.0,15033628160.0,15033628160.0
derpp,slowheat_derpp_hidden_beta_30_budget_0.25,estimated_overhead_flops,303045716,0.0,15033628160.0,15033628160.0
derpp,slowheat_derpp_hidden_beta_30_budget_0.25,replay_memory_bytes,2037868115,2459200.0,2459200.0,0.0
derpp,slowheat_derpp_hidden_beta_30_budget_0.25,replay_memory_bytes,197201656,2459200.0,2459200.0,0.0
derpp,slowheat_derpp_hidden_beta_30_budget_0.25,replay_memory_bytes,315911652,2459200.0,2459200.0,0.0
derpp,slowheat_derpp_hidden_beta_30_budget_0.25,replay_memory_bytes,1329807151,2459200.0,2459200.0,0.0
derpp,slowheat_derpp_hidden_beta_30_budget_0.25,replay_memory_bytes,661500785,2459200.0,2459200.0,0.0
derpp,slowheat_derpp_hidden_beta_30_budget_0.25,replay_memory_bytes,881911756,2459200.0,2459200.0,0.0
derpp,slowheat_derpp_hidden_beta_30_budget_0.25,replay_memory_bytes,544969310,2459200.0,2459200.0,0.0
derpp,slowheat_derpp_hidden_beta_30_budget_0.25,replay_memory_bytes,498275854,2459200.0,2459200.0,0.0
derpp,slowheat_derpp_hidden_beta_30_budget_0.25,replay_memory_bytes,1700414243,2459200.0,2459200.0,0.0
derpp,slowheat_derpp_hidden_beta_30_budget_0.25,replay_memory_bytes,303045716,2459200.0,2459200.0,0.0
derpp,slowheat_derpp_hidden_beta_30_budget_0.25,stored_logits_bytes,2037868115,8000.0,8000.0,0.0
derpp,slowheat_derpp_hidden_beta_30_budget_0.25,stored_logits_bytes,197201656,8000.0,8000.0,0.0
derpp,slowheat_derpp_hidden_beta_30_budget_0.25,stored_logits_bytes,315911652,8000.0,8000.0,0.0
derpp,slowheat_derpp_hidden_beta_30_budget_0.25,stored_logits_bytes,1329807151,8000.0,8000.0,0.0
derpp,slowheat_derpp_hidden_beta_30_budget_0.25,stored_logits_bytes,661500785,8000.0,8000.0,0.0
derpp,slowheat_derpp_hidden_beta_30_budget_0.25,stored_logits_bytes,881911756,8000.0,8000.0,0.0
derpp,slowheat_derpp_hidden_beta_30_budget_0.25,stored_logits_bytes,544969310,8000.0,8000.0,0.0
derpp,slowheat_derpp_hidden_beta_30_budget_0.25,stored_logits_bytes,498275854,8000.0,8000.0,0.0
derpp,slowheat_derpp_hidden_beta_30_budget_0.25,stored_logits_bytes,1700414243,8000.0,8000.0,0.0
derpp,slowheat_derpp_hidden_beta_30_budget_0.25,stored_logits_bytes,303045716,8000.0,8000.0,0.0
er_ace,slowheat_er_ace_hidden_beta_30_budget_0.25,final_average_accuracy,2037868115,0.2425,0.3078,0.06530000000000002
er_ace,slowheat_er_ace_hidden_beta_30_budget_0.25,final_average_accuracy,197201656,0.2627,0.3149,0.052200000000000024
er_ace,slowheat_er_ace_hidden_beta_30_budget_0.25,final_average_accuracy,315911652,0.2626,0.3073,0.04470000000000002
er_ace,slowheat_er_ace_hidden_beta_30_budget_0.25,final_average_accuracy,1329807151,0.25749999999999995,0.28469999999999995,0.027200000000000002
er_ace,slowheat_er_ace_hidden_beta_30_budget_0.25,final_average_accuracy,661500785,0.2683,0.3113,0.04300000000000004
er_ace,slowheat_er_ace_hidden_beta_30_budget_0.25,final_average_accuracy,881911756,0.2736,0.2966,0.022999999999999965
er_ace,slowheat_er_ace_hidden_beta_30_budget_0.25,final_average_accuracy,544969310,0.262,0.28209999999999996,0.02009999999999995
er_ace,slowheat_er_ace_hidden_beta_30_budget_0.25,final_average_accuracy,498275854,0.26189999999999997,0.2894,0.027500000000000024
er_ace,slowheat_er_ace_hidden_beta_30_budget_0.25,final_average_accuracy,1700414243,0.2479,0.3154,0.0675
er_ace,slowheat_er_ace_hidden_beta_30_budget_0.25,final_average_accuracy,303045716,0.2615,0.30579999999999996,0.04429999999999995
er_ace,slowheat_er_ace_hidden_beta_30_budget_0.25,average_forgetting,2037868115,0.260625,0.217625,-0.04299999999999998
er_ace,slowheat_er_ace_hidden_beta_30_budget_0.25,average_forgetting,197201656,0.234875,0.21887500000000001,-0.015999999999999986
er_ace,slowheat_er_ace_hidden_beta_30_budget_0.25,average_forgetting,315911652,0.28900000000000003,0.22712499999999997,-0.06187500000000007
er_ace,slowheat_er_ace_hidden_beta_30_budget_0.25,average_forgetting,1329807151,0.24924999999999997,0.23624999999999996,-0.013000000000000012
er_ace,slowheat_er_ace_hidden_beta_30_budget_0.25,average_forgetting,661500785,0.23887499999999998,0.208875,-0.02999999999999997
er_ace,slowheat_er_ace_hidden_beta_30_budget_0.25,average_forgetting,881911756,0.21500000000000002,0.206125,-0.008875000000000022
er_ace,slowheat_er_ace_hidden_beta_30_budget_0.25,average_forgetting,544969310,0.23762499999999998,0.22674999999999998,-0.010874999999999996
er_ace,slowheat_er_ace_hidden_beta_30_budget_0.25,average_forgetting,498275854,0.26062499999999994,0.23512499999999997,-0.025499999999999967
er_ace,slowheat_er_ace_hidden_beta_30_budget_0.25,average_forgetting,1700414243,0.235375,0.21962499999999996,-0.015750000000000042
er_ace,slowheat_er_ace_hidden_beta_30_budget_0.25,average_forgetting,303045716,0.275375,0.22675,-0.048624999999999974
er_ace,slowheat_er_ace_hidden_beta_30_budget_0.25,backward_transfer,2037868115,0.03425,0.08037500000000003,0.04612500000000003
er_ace,slowheat_er_ace_hidden_beta_30_budget_0.25,backward_transfer,197201656,0.03662499999999999,0.068625,0.032000000000000015
er_ace,slowheat_er_ace_hidden_beta_30_budget_0.25,backward_transfer,315911652,0.033499999999999974,0.075625,0.042125000000000024
er_ace,slowheat_er_ace_hidden_beta_30_budget_0.25,backward_transfer,1329807151,0.05100000000000001,0.04512500000000001,-0.005874999999999998
er_ace,slowheat_er_ace_hidden_beta_30_budget_0.25,backward_transfer,661500785,0.055250000000000035,0.09087499999999998,0.03562499999999995
er_ace,slowheat_er_ace_hidden_beta_30_budget_0.25,backward_transfer,881911756,0.04425000000000001,0.06449999999999997,0.020249999999999962
er_ace,slowheat_er_ace_hidden_beta_30_budget_0.25,backward_transfer,544969310,0.03550000000000003,0.04700000000000001,0.011499999999999976
er_ace,slowheat_er_ace_hidden_beta_30_budget_0.25,backward_transfer,498275854,0.011875000000000031,0.025625000000000016,0.013749999999999984
er_ace,slowheat_er_ace_hidden_beta_30_budget_0.25,backward_transfer,1700414243,-0.0071249999999999925,0.05437500000000002,0.06150000000000001
er_ace,slowheat_er_ace_hidden_beta_30_budget_0.25,backward_transfer,303045716,0.018250000000000023,0.08925000000000002,0.07100000000000001
er_ace,slowheat_er_ace_hidden_beta_30_budget_0.25,forward_transfer,2037868115,-0.15274999999999997,-0.15012499999999998,0.0026249999999999885
er_ace,slowheat_er_ace_hidden_beta_30_budget_0.25,forward_transfer,197201656,-0.071375,-0.03162499999999999,0.03975
er_ace,slowheat_er_ace_hidden_beta_30_budget_0.25,forward_transfer,315911652,-0.20299999999999999,-0.220375,-0.017375
er_ace,slowheat_er_ace_hidden_beta_30_budget_0.25,forward_transfer,1329807151,-0.16399999999999998,-0.169125,-0.005125000000000018
er_ace,slowheat_er_ace_hidden_beta_30_budget_0.25,forward_transfer,661500785,-0.018000000000000002,-0.010375,0.007625000000000002
er_ace,slowheat_er_ace_hidden_beta_30_budget_0.25,forward_transfer,881911756,-0.0955,-0.11425,-0.018750000000000003
er_ace,slowheat_er_ace_hidden_beta_30_budget_0.25,forward_transfer,544969310,-0.057375,-0.061500000000000006,-0.004125000000000004
er_ace,slowheat_er_ace_hidden_beta_30_budget_0.25,forward_transfer,498275854,-0.039875,-0.04875,-0.008875000000000001
er_ace,slowheat_er_ace_hidden_beta_30_budget_0.25,forward_transfer,1700414243,-0.011750000000000003,-0.043,-0.031249999999999993
er_ace,slowheat_er_ace_hidden_beta_30_budget_0.25,forward_transfer,303045716,-0.107625,-0.102125,0.005500000000000005
er_ace,slowheat_er_ace_hidden_beta_30_budget_0.25,task_aware_final_accuracy,2037868115,0.7503,0.7844,0.03410000000000002
er_ace,slowheat_er_ace_hidden_beta_30_budget_0.25,task_aware_final_accuracy,197201656,0.7405,0.7878000000000001,0.04730000000000001
er_ace,slowheat_er_ace_hidden_beta_30_budget_0.25,task_aware_final_accuracy,315911652,0.7313000000000001,0.7736,0.04229999999999989
er_ace,slowheat_er_ace_hidden_beta_30_budget_0.25,task_aware_final_accuracy,1329807151,0.7598,0.7772,0.01739999999999997
er_ace,slowheat_er_ace_hidden_beta_30_budget_0.25,task_aware_final_accuracy,661500785,0.7501,0.7764999999999999,0.026399999999999868
er_ace,slowheat_er_ace_hidden_beta_30_budget_0.25,task_aware_final_accuracy,881911756,0.7567,0.7830999999999999,0.026399999999999868
er_ace,slowheat_er_ace_hidden_beta_30_budget_0.25,task_aware_final_accuracy,544969310,0.7388,0.7630000000000001,0.02420000000000011
er_ace,slowheat_er_ace_hidden_beta_30_budget_0.25,task_aware_final_accuracy,498275854,0.7333999999999999,0.7615999999999999,0.028200000000000003
er_ace,slowheat_er_ace_hidden_beta_30_budget_0.25,task_aware_final_accuracy,1700414243,0.7563000000000001,0.7878000000000001,0.03149999999999997
er_ace,slowheat_er_ace_hidden_beta_30_budget_0.25,task_aware_final_accuracy,303045716,0.7293999999999999,0.774,0.044600000000000084
er_ace,slowheat_er_ace_hidden_beta_30_budget_0.25,task_aware_forgetting,2037868115,0.10387500000000002,0.061874999999999986,-0.04200000000000004
er_ace,slowheat_er_ace_hidden_beta_30_budget_0.25,task_aware_forgetting,197201656,0.11625000000000002,0.05462500000000001,-0.06162500000000001
er_ace,slowheat_er_ace_hidden_beta_30_budget_0.25,task_aware_forgetting,315911652,0.12012500000000001,0.08475000000000002,-0.03537499999999999
er_ace,slowheat_er_ace_hidden_beta_30_budget_0.25,task_aware_forgetting,1329807151,0.09849999999999998,0.070875,-0.027624999999999983
er_ace,slowheat_er_ace_hidden_beta_30_budget_0.25,task_aware_forgetting,661500785,0.09599999999999997,0.07600000000000004,-0.019999999999999934
er_ace,slowheat_er_ace_hidden_beta_30_budget_0.25,task_aware_forgetting,881911756,0.10025000000000003,0.070375,-0.02987500000000004
er_ace,slowheat_er_ace_hidden_beta_30_budget_0.25,task_aware_forgetting,544969310,0.11624999999999996,0.09262499999999999,-0.02362499999999998
er_ace,slowheat_er_ace_hidden_beta_30_budget_0.25,task_aware_forgetting,498275854,0.12375,0.09624999999999997,-0.027500000000000024
er_ace,slowheat_er_ace_hidden_beta_30_budget_0.25,task_aware_forgetting,1700414243,0.09212500000000001,0.06475,-0.02737500000000001
er_ace,slowheat_er_ace_hidden_beta_30_budget_0.25,task_aware_forgetting,303045716,0.137625,0.08099999999999996,-0.056625000000000036
er_ace,slowheat_er_ace_hidden_beta_30_budget_0.25,classifier_gap,2037868115,0.5078,0.47659999999999997,-0.03120000000000006
er_ace,slowheat_er_ace_hidden_beta_30_budget_0.25,classifier_gap,197201656,0.47780000000000006,0.47290000000000004,-0.0049000000000000155
er_ace,slowheat_er_ace_hidden_beta_30_budget_0.25,classifier_gap,315911652,0.46870000000000006,0.46629999999999994,-0.0024000000000001243
er_ace,slowheat_er_ace_hidden_beta_30_budget_0.25,classifier_gap,1329807151,0.5023000000000001,0.49250000000000005,-0.009800000000000031
er_ace,slowheat_er_ace_hidden_beta_30_budget_0.25,classifier_gap,661500785,0.4818,0.46519999999999984,-0.01660000000000017
er_ace,slowheat_er_ace_hidden_beta_30_budget_0.25,classifier_gap,881911756,0.48310000000000003,0.48649999999999993,0.003399999999999903
er_ace,slowheat_er_ace_hidden_beta_30_budget_0.25,classifier_gap,544969310,0.4768,0.48090000000000016,0.004100000000000159
er_ace,slowheat_er_ace_hidden_beta_30_budget_0.25,classifier_gap,498275854,0.4715,0.47219999999999995,0.0006999999999999784
er_ace,slowheat_er_ace_hidden_beta_30_budget_0.25,classifier_gap,1700414243,0.5084000000000001,0.47240000000000004,-0.03600000000000003
er_ace,slowheat_er_ace_hidden_beta_30_budget_0.25,classifier_gap,303045716,0.4678999999999999,0.46820000000000006,0.0003000000000001335
er_ace,slowheat_er_ace_hidden_beta_30_budget_0.25,elapsed_seconds,2037868115,14.75262710195966,23.909715991001576,9.157088889041916
er_ace,slowheat_er_ace_hidden_beta_30_budget_0.25,elapsed_seconds,197201656,14.845283492002636,23.797442821029108,8.952159329026472
er_ace,slowheat_er_ace_hidden_beta_30_budget_0.25,elapsed_seconds,315911652,14.851488723012153,24.123538541025482,9.272049818013329
er_ace,slowheat_er_ace_hidden_beta_30_budget_0.25,elapsed_seconds,1329807151,14.83544339099899,23.9084633840248,9.07301999302581
er_ace,slowheat_er_ace_hidden_beta_30_budget_0.25,elapsed_seconds,661500785,14.523571956029627,23.773015998012852,9.249444041983224
er_ace,slowheat_er_ace_hidden_beta_30_budget_0.25,elapsed_seconds,881911756,14.830413301999215,22.42235037597129,7.591937073972076
er_ace,slowheat_er_ace_hidden_beta_30_budget_0.25,elapsed_seconds,544969310,14.546625210961793,23.71049807302188,9.163872862060089
er_ace,slowheat_er_ace_hidden_beta_30_budget_0.25,elapsed_seconds,498275854,14.870101351989433,24.198857375013176,9.328756023023743
er_ace,slowheat_er_ace_hidden_beta_30_budget_0.25,elapsed_seconds,1700414243,14.880062565964181,24.06299572798889,9.18293316202471
er_ace,slowheat_er_ace_hidden_beta_30_budget_0.25,elapsed_seconds,303045716,14.578293568978552,23.913868257950526,9.335574688971974
er_ace,slowheat_er_ace_hidden_beta_30_budget_0.25,learner_examples_processed,2037868115,564480.0,564480.0,0.0
er_ace,slowheat_er_ace_hidden_beta_30_budget_0.25,learner_examples_processed,197201656,564480.0,564480.0,0.0
er_ace,slowheat_er_ace_hidden_beta_30_budget_0.25,learner_examples_processed,315911652,564480.0,564480.0,0.0
er_ace,slowheat_er_ace_hidden_beta_30_budget_0.25,learner_examples_processed,1329807151,564480.0,564480.0,0.0
er_ace,slowheat_er_ace_hidden_beta_30_budget_0.25,learner_examples_processed,661500785,564480.0,564480.0,0.0
er_ace,slowheat_er_ace_hidden_beta_30_budget_0.25,learner_examples_processed,881911756,564480.0,564480.0,0.0
er_ace,slowheat_er_ace_hidden_beta_30_budget_0.25,learner_examples_processed,544969310,564480.0,564480.0,0.0
er_ace,slowheat_er_ace_hidden_beta_30_budget_0.25,learner_examples_processed,498275854,564480.0,564480.0,0.0
er_ace,slowheat_er_ace_hidden_beta_30_budget_0.25,learner_examples_processed,1700414243,564480.0,564480.0,0.0
er_ace,slowheat_er_ace_hidden_beta_30_budget_0.25,learner_examples_processed,303045716,564480.0,564480.0,0.0
er_ace,slowheat_er_ace_hidden_beta_30_budget_0.25,total_model_examples_processed,2037868115,564480.0,564480.0,0.0
er_ace,slowheat_er_ace_hidden_beta_30_budget_0.25,total_model_examples_processed,197201656,564480.0,564480.0,0.0
er_ace,slowheat_er_ace_hidden_beta_30_budget_0.25,total_model_examples_processed,315911652,564480.0,564480.0,0.0
er_ace,slowheat_er_ace_hidden_beta_30_budget_0.25,total_model_examples_processed,1329807151,564480.0,564480.0,0.0
er_ace,slowheat_er_ace_hidden_beta_30_budget_0.25,total_model_examples_processed,661500785,564480.0,564480.0,0.0
er_ace,slowheat_er_ace_hidden_beta_30_budget_0.25,total_model_examples_processed,881911756,564480.0,564480.0,0.0
er_ace,slowheat_er_ace_hidden_beta_30_budget_0.25,total_model_examples_processed,544969310,564480.0,564480.0,0.0
er_ace,slowheat_er_ace_hidden_beta_30_budget_0.25,total_model_examples_processed,498275854,564480.0,564480.0,0.0
er_ace,slowheat_er_ace_hidden_beta_30_budget_0.25,total_model_examples_processed,1700414243,564480.0,564480.0,0.0
er_ace,slowheat_er_ace_hidden_beta_30_budget_0.25,total_model_examples_processed,303045716,564480.0,564480.0,0.0
er_ace,slowheat_er_ace_hidden_beta_30_budget_0.25,estimated_total_flops,2037868115,12447244615680.0,12462278243840.0,15033628160.0
er_ace,slowheat_er_ace_hidden_beta_30_budget_0.25,estimated_total_flops,197201656,12447244615680.0,12462278243840.0,15033628160.0
er_ace,slowheat_er_ace_hidden_beta_30_budget_0.25,estimated_total_flops,315911652,12447244615680.0,12462278243840.0,15033628160.0
er_ace,slowheat_er_ace_hidden_beta_30_budget_0.25,estimated_total_flops,1329807151,12447244615680.0,12462278243840.0,15033628160.0
er_ace,slowheat_er_ace_hidden_beta_30_budget_0.25,estimated_total_flops,661500785,12447244615680.0,12462278243840.0,15033628160.0
er_ace,slowheat_er_ace_hidden_beta_30_budget_0.25,estimated_total_flops,881911756,12447244615680.0,12462278243840.0,15033628160.0
er_ace,slowheat_er_ace_hidden_beta_30_budget_0.25,estimated_total_flops,544969310,12447244615680.0,12462278243840.0,15033628160.0
er_ace,slowheat_er_ace_hidden_beta_30_budget_0.25,estimated_total_flops,498275854,12447244615680.0,12462278243840.0,15033628160.0
er_ace,slowheat_er_ace_hidden_beta_30_budget_0.25,estimated_total_flops,1700414243,12447244615680.0,12462278243840.0,15033628160.0
er_ace,slowheat_er_ace_hidden_beta_30_budget_0.25,estimated_total_flops,303045716,12447244615680.0,12462278243840.0,15033628160.0
er_ace,slowheat_er_ace_hidden_beta_30_budget_0.25,estimated_overhead_flops,2037868115,0.0,15033628160.0,15033628160.0
er_ace,slowheat_er_ace_hidden_beta_30_budget_0.25,estimated_overhead_flops,197201656,0.0,15033628160.0,15033628160.0
er_ace,slowheat_er_ace_hidden_beta_30_budget_0.25,estimated_overhead_flops,315911652,0.0,15033628160.0,15033628160.0
er_ace,slowheat_er_ace_hidden_beta_30_budget_0.25,estimated_overhead_flops,1329807151,0.0,15033628160.0,15033628160.0
er_ace,slowheat_er_ace_hidden_beta_30_budget_0.25,estimated_overhead_flops,661500785,0.0,15033628160.0,15033628160.0
er_ace,slowheat_er_ace_hidden_beta_30_budget_0.25,estimated_overhead_flops,881911756,0.0,15033628160.0,15033628160.0
er_ace,slowheat_er_ace_hidden_beta_30_budget_0.25,estimated_overhead_flops,544969310,0.0,15033628160.0,15033628160.0
er_ace,slowheat_er_ace_hidden_beta_30_budget_0.25,estimated_overhead_flops,498275854,0.0,15033628160.0,15033628160.0
er_ace,slowheat_er_ace_hidden_beta_30_budget_0.25,estimated_overhead_flops,1700414243,0.0,15033628160.0,15033628160.0
er_ace,slowheat_er_ace_hidden_beta_30_budget_0.25,estimated_overhead_flops,303045716,0.0,15033628160.0,15033628160.0
er_ace,slowheat_er_ace_hidden_beta_30_budget_0.25,replay_memory_bytes,2037868115,2459200.0,2459200.0,0.0
er_ace,slowheat_er_ace_hidden_beta_30_budget_0.25,replay_memory_bytes,197201656,2459200.0,2459200.0,0.0
er_ace,slowheat_er_ace_hidden_beta_30_budget_0.25,replay_memory_bytes,315911652,2459200.0,2459200.0,0.0
er_ace,slowheat_er_ace_hidden_beta_30_budget_0.25,replay_memory_bytes,1329807151,2459200.0,2459200.0,0.0
er_ace,slowheat_er_ace_hidden_beta_30_budget_0.25,replay_memory_bytes,661500785,2459200.0,2459200.0,0.0
er_ace,slowheat_er_ace_hidden_beta_30_budget_0.25,replay_memory_bytes,881911756,2459200.0,2459200.0,0.0
er_ace,slowheat_er_ace_hidden_beta_30_budget_0.25,replay_memory_bytes,544969310,2459200.0,2459200.0,0.0
er_ace,slowheat_er_ace_hidden_beta_30_budget_0.25,replay_memory_bytes,498275854,2459200.0,2459200.0,0.0
er_ace,slowheat_er_ace_hidden_beta_30_budget_0.25,replay_memory_bytes,1700414243,2459200.0,2459200.0,0.0
er_ace,slowheat_er_ace_hidden_beta_30_budget_0.25,replay_memory_bytes,303045716,2459200.0,2459200.0,0.0
er_ace,slowheat_er_ace_hidden_beta_30_budget_0.25,stored_logits_bytes,2037868115,0.0,0.0,0.0
er_ace,slowheat_er_ace_hidden_beta_30_budget_0.25,stored_logits_bytes,197201656,0.0,0.0,0.0
er_ace,slowheat_er_ace_hidden_beta_30_budget_0.25,stored_logits_bytes,315911652,0.0,0.0,0.0
er_ace,slowheat_er_ace_hidden_beta_30_budget_0.25,stored_logits_bytes,1329807151,0.0,0.0,0.0
er_ace,slowheat_er_ace_hidden_beta_30_budget_0.25,stored_logits_bytes,661500785,0.0,0.0,0.0
er_ace,slowheat_er_ace_hidden_beta_30_budget_0.25,stored_logits_bytes,881911756,0.0,0.0,0.0
er_ace,slowheat_er_ace_hidden_beta_30_budget_0.25,stored_logits_bytes,544969310,0.0,0.0,0.0
er_ace,slowheat_er_ace_hidden_beta_30_budget_0.25,stored_logits_bytes,498275854,0.0,0.0,0.0
er_ace,slowheat_er_ace_hidden_beta_30_budget_0.25,stored_logits_bytes,1700414243,0.0,0.0,0.0
er_ace,slowheat_er_ace_hidden_beta_30_budget_0.25,stored_logits_bytes,303045716,0.0,0.0,0.0
