method,final_average_accuracy_mean,final_average_accuracy_std,final_average_accuracy_ci95,average_forgetting_mean,average_forgetting_std,average_forgetting_ci95,backward_transfer_mean,backward_transfer_std,backward_transfer_ci95,forward_transfer_mean,forward_transfer_std,forward_transfer_ci95,task_aware_final_accuracy_mean,task_aware_final_accuracy_std,task_aware_final_accuracy_ci95,task_aware_forgetting_mean,task_aware_forgetting_std,task_aware_forgetting_ci95,classifier_gap_mean,classifier_gap_std,classifier_gap_ci95,elapsed_seconds_mean,elapsed_seconds_std,elapsed_seconds_ci95,learner_examples_processed_mean,learner_examples_processed_std,learner_examples_processed_ci95,total_model_examples_processed_mean,total_model_examples_processed_std,total_model_examples_processed_ci95,estimated_total_flops_mean,estimated_total_flops_std,estimated_total_flops_ci95,estimated_overhead_flops_mean,estimated_overhead_flops_std,estimated_overhead_flops_ci95,replay_memory_bytes_mean,replay_memory_bytes_std,replay_memory_bytes_ci95,stored_logits_bytes_mean,stored_logits_bytes_std,stored_logits_bytes_ci95
vanilla,0.719472,0.024959129614453936,0.015469828807418798,0.3045649999999999,0.03225596456471266,0.019992453965434046,-0.3045649999999999,0.03225596456471266,0.019992453965434046,0.012255000000000002,0.01656659037541119,0.010268079095267365,0.719472,0.024959129614453936,0.015469828807418798,0.3045649999999999,0.03225596456471266,0.019992453965434046,0.0,0.0,0.0,7.848147425000207,0.31178635408098493,0.19324718436210678,505600.0,0.0,0.0,505600.0,0.0,0.0,1623097344000.0,0.0,0.0,0.0,0.0,0.0,0.0,0.0,0.0,0.0,0.0,0.0
slowheat,0.8814080000000001,0.01287237593539833,0.00797838126334464,0.09678500000000001,0.014572978228366508,0.009032425484761979,-0.09678500000000001,0.014572978228366508,0.009032425484761979,0.007620000000000002,0.014052564020688737,0.008709869417059146,0.8814080000000001,0.01287237593539833,0.00797838126334464,0.09678500000000001,0.014572978228366508,0.009032425484761979,0.0,0.0,0.0,19.315458650700748,0.27069757459941873,0.167780094992231,505600.0,0.0,0.0,505600.0,0.0,0.0,1626787285780.0,0.0,0.0,3689941780.0,0.0,0.0,0.0,0.0,0.0,0.0,0.0,0.0
slowheat_beta_10,0.851852,0.010587557477215171,0.006562236111245459,0.13554499999999997,0.014080945556949569,0.008727460475482608,-0.13554499999999997,0.014080945556949569,0.008727460475482608,0.007994999999999999,0.015725535673617678,0.009746787990352968,0.851852,0.010587557477215171,0.006562236111245459,0.13554499999999997,0.014080945556949569,0.008727460475482608,0.0,0.0,0.0,19.389784216007683,0.18603555696406038,0.1153060328137483,505600.0,0.0,0.0,505600.0,0.0,0.0,1626787285780.0,0.0,0.0,3689941780.0,0.0,0.0,0.0,0.0,0.0,0.0,0.0,0.0
slowheat_beta_30,0.8814080000000001,0.01287237593539833,0.00797838126334464,0.09678500000000001,0.014572978228366508,0.009032425484761979,-0.09678500000000001,0.014572978228366508,0.009032425484761979,0.007620000000000002,0.014052564020688737,0.008709869417059146,0.8814080000000001,0.01287237593539833,0.00797838126334464,0.09678500000000001,0.014572978228366508,0.009032425484761979,0.0,0.0,0.0,19.404138267293455,0.16713395647162693,0.10359069945393291,505600.0,0.0,0.0,505600.0,0.0,0.0,1626787285780.0,0.0,0.0,3689941780.0,0.0,0.0,0.0,0.0,0.0,0.0,0.0,0.0
slowheat_beta_100,0.89214,0.00797382941600558,0.004942230675132673,0.07953999999999999,0.009109787166680799,0.005646304583432324,-0.07953999999999999,0.009109787166680799,0.005646304583432324,0.005165,0.013759462400673782,0.008528203150853186,0.89214,0.00797382941600558,0.004942230675132673,0.07953999999999999,0.009109787166680799,0.005646304583432324,0.0,0.0,0.0,19.40224406370835,0.15900651205947278,0.09855325721776509,505600.0,0.0,0.0,505600.0,0.0,0.0,1626787285780.0,0.0,0.0,3689941780.0,0.0,0.0,0.0,0.0,0.0,0.0,0.0,0.0
slowheat_adaptive,0.88332,0.013310166540405595,0.00824972669155367,0.09407,0.016132716930373363,0.009999161547961016,-0.09407,0.016132716930373363,0.009999161547961016,0.00701,0.014629779371010503,0.009067631197715188,0.88332,0.013310166540405595,0.00824972669155367,0.09407,0.016132716930373363,0.009999161547961016,0.0,0.0,0.0,19.416369854600635,0.14365851442090535,0.08904046972585637,505600.0,0.0,0.0,505600.0,0.0,0.0,1626787285780.0,0.0,0.0,3689941780.0,0.0,0.0,0.0,0.0,0.0,0.0,0.0,0.0
slowheat_native_state,0.9132560000000002,0.01215291021388154,0.007532451789176384,0.05655,0.014599448239193454,0.009048831767446863,-0.05655,0.014599448239193454,0.009048831767446863,0.005124999999999999,0.014553622115015447,0.009020428441413781,0.9132560000000002,0.01215291021388154,0.007532451789176384,0.05655,0.014599448239193454,0.009048831767446863,0.0,0.0,0.0,17.657336900997326,0.19607370743752706,0.12152774293611214,505600.0,0.0,0.0,505600.0,0.0,0.0,1626787285780.0,0.0,0.0,3689941780.0,0.0,0.0,0.0,0.0,0.0,0.0,0.0,0.0
slowheat_unidirectional,0.8299200000000001,0.020435167943740735,0.012665848313774942,0.16108000000000003,0.025623580719503068,0.015881659869029927,-0.16108000000000003,0.025623580719503068,0.015881659869029927,0.006459999999999999,0.014889739196283237,0.009228755966723432,0.8299200000000001,0.020435167943740735,0.012665848313774942,0.16108000000000003,0.025623580719503068,0.015881659869029927,0.0,0.0,0.0,18.849973595800112,0.115351845866829,0.07149581478779647,505600.0,0.0,0.0,505600.0,0.0,0.0,1626787285780.0,0.0,0.0,3689941780.0,0.0,0.0,0.0,0.0,0.0,0.0,0.0,0.0
slowheat_unbudgeted,0.8845040000000001,0.017670044456964764,0.010952007020726587,0.09127,0.021535683566273597,0.013347954963464127,-0.09127,0.021535683566273597,0.013347954963464127,0.0066,0.014090165995394725,0.008733175362438976,0.8845040000000001,0.017670044456964764,0.010952007020726587,0.09127,0.021535683566273597,0.013347954963464127,0.0,0.0,0.0,19.343952218303457,0.13950990243860326,0.08646913337935758,505600.0,0.0,0.0,505600.0,0.0,0.0,1626787285780.0,0.0,0.0,3689941780.0,0.0,0.0,0.0,0.0,0.0,0.0,0.0,0.0
slowheat_none,0.708068,0.03514367741461072,0.021782276932939947,0.31876499999999997,0.044408176486868824,0.027524472948915035,-0.31876499999999997,0.044408176486868824,0.027524472948915035,0.010325,0.012325949366185867,0.007639702566927008,0.708068,0.03514367741461072,0.021782276932939947,0.31876499999999997,0.044408176486868824,0.027524472948915035,0.0,0.0,0.0,19.315570743003626,0.1636482717942776,0.10143024970796059,505600.0,0.0,0.0,505600.0,0.0,0.0,1626787252300.0,0.0,0.0,3689908300.0,0.0,0.0,0.0,0.0,0.0,0.0,0.0,0.0
hard_freeze,0.9018160000000002,0.011360206570891788,0.0070411289809897085,0.059560000000000016,0.015058124422088938,0.009333122210945516,-0.059560000000000016,0.015058124422088938,0.009333122210945516,0.0031799999999999997,0.011569552954006286,0.007170883213539475,0.9018160000000002,0.011360206570891788,0.0070411289809897085,0.059560000000000016,0.015058124422088938,0.009333122210945516,0.0,0.0,0.0,18.746697704697727,0.0724083092090765,0.04487913500999568,505600.0,0.0,0.0,505600.0,0.0,0.0,1626787285780.0,0.0,0.0,3689941780.0,0.0,0.0,0.0,0.0,0.0,0.0,0.0,0.0
replay,0.9320360000000001,0.002443782132496894,0.0015146718582070597,0.038615,0.0034399652776025322,0.0021321125684270114,-0.038615,0.0034399652776025322,0.0021321125684270114,0.011975000000000001,0.014599053432024663,0.009048587063428435,0.9320360000000001,0.002443782132496894,0.0015146718582070597,0.038615,0.0034399652776025322,0.0021321125684270114,0.0,0.0,0.0,12.004313038097461,0.3976307900690266,0.24645411702835554,707840.0,0.0,0.0,707840.0,0.0,0.0,2272336281600.0,0.0,0.0,0.0,0.0,0.0,628800.0,0.0,0.0,0.0,0.0,0.0
distillation,0.7205959999999999,0.04600117273867413,0.028511822255038947,0.17254999999999998,0.04516480930990411,0.02799343883126902,-0.168885,0.047946984901150055,0.02971784912816613,0.01365,0.020388041157066123,0.0126366388287744,0.7205959999999999,0.04600117273867413,0.028511822255038947,0.17254999999999998,0.04516480930990411,0.02799343883126902,0.0,0.0,0.0,11.050129535698215,0.2076541352236668,0.1287053664404395,505600.0,0.0,0.0,910080.0,0.0,0.0,2055923302400.0,0.0,0.0,0.0,0.0,0.0,0.0,0.0,0.0,0.0,0.0,0.0
slowheat_replay,0.9421039999999999,0.0032356459083843435,0.00200547411137061,0.01972,0.0024223725743346986,0.001501402076578944,-0.019645000000000003,0.002376324192248753,0.0014728609936673165,0.006869999999999999,0.01430641270355516,0.00886720646076191,0.9421039999999999,0.0032356459083843435,0.00200547411137061,0.01972,0.0024223725743346986,0.001501402076578944,0.0,0.0,0.0,23.96115371400083,0.0646515737073771,0.040071460536995326,707840.0,0.0,0.0,707840.0,0.0,0.0,2276655594260.0,0.0,0.0,4319312660.0,0.0,0.0,628800.0,0.0,0.0,0.0,0.0,0.0
slowheat_distillation,0.68056,0.021770030367967378,0.013493204615986845,0.09267,0.03459890974518641,0.02144462643326346,-0.089275,0.03782016106963762,0.023441178689079033,0.010245,0.015798091481075943,0.009791758545724956,0.68056,0.021770030367967378,0.013493204615986845,0.09267,0.03459890974518641,0.02144462643326346,0.0,0.0,0.0,21.883827382497838,0.15521861264060263,0.09620549283435856,505600.0,0.0,0.0,910080.0,0.0,0.0,2059613244180.0,0.0,0.0,3689941780.0,0.0,0.0,0.0,0.0,0.0,0.0,0.0,0.0
derpp,0.954864,0.0027579831600484674,0.0017094156726918045,0.009144999999999992,0.0015239659517923146,0.0009445638829051752,-0.00912499999999999,0.001538984152687173,0.0009538722602575785,0.00865,0.014917793253546436,0.00924614405156129,0.954864,0.0027579831600484674,0.0017094156726918045,0.009144999999999992,0.0015239659517923146,0.0009445638829051752,0.0,0.0,0.0,12.715085652598646,0.4182364227419724,0.2592256204759128,707840.0,0.0,0.0,707840.0,0.0,0.0,2272336281600.0,0.0,0.0,0.0,0.0,0.0,628800.0,0.0,0.0,8000.0,0.0,0.0
slowheat_derpp_hidden_beta_30_budget_0.25,0.955716,0.00306228382456986,0.0018980231785963215,0.003579999999999994,0.000873117021557445,0.0005411635365888368,-0.0033799999999999998,0.000989724989861105,0.0006134379041290369,0.0043700000000000015,0.01403899727346809,0.008701460660014372,0.955716,0.00306228382456986,0.0018980231785963215,0.003579999999999994,0.000873117021557445,0.0005411635365888368,0.0,0.0,0.0,21.14705373420147,0.19155890631716146,0.11872944021039723,707840.0,0.0,0.0,707840.0,0.0,0.0,2276617128960.0,0.0,0.0,4280847360.0,0.0,0.0,628800.0,0.0,0.0,8000.0,0.0,0.0
er_ace,0.932396,0.0030213139157952177,0.0018726297660539126,0.038179999999999985,0.004205895333404704,0.0026068409353510982,-0.038179999999999985,0.004205895333404704,0.0026068409353510982,0.010850000000000002,0.01574935624786684,0.009761552135233869,0.932396,0.0030213139157952177,0.0018726297660539126,0.038179999999999985,0.004205895333404704,0.0026068409353510982,0.0,0.0,0.0,12.832377134793205,0.5169191499448184,0.32038980847681064,707840.0,0.0,0.0,707840.0,0.0,0.0,2272336281600.0,0.0,0.0,0.0,0.0,0.0,628800.0,0.0,0.0,0.0,0.0,0.0
slowheat_er_ace_hidden_beta_30_budget_0.25,0.938528,0.002182581549959187,0.0013527780598785958,0.024319999999999987,0.0033127866752261015,0.002053286454010312,-0.024264999999999988,0.003337917680896953,0.0020688628127011697,0.005835000000000002,0.016790838275678795,0.010407069383837123,0.938528,0.002182581549959187,0.0013527780598785958,0.024319999999999987,0.0033127866752261015,0.002053286454010312,0.0,0.0,0.0,20.93638837709732,0.24529849996935615,0.1520375854390781,707840.0,0.0,0.0,707840.0,0.0,0.0,2276617128960.0,0.0,0.0,4280847360.0,0.0,0.0,628800.0,0.0,0.0,0.0,0.0,0.0
agem,0.9313519999999998,0.003953048893645966,0.0024501250883622733,0.039005,0.004914629521472923,0.003046118936176536,-0.039005,0.004914629521472923,0.003046118936176536,0.012385000000000004,0.013788140032490081,0.008545977731203271,0.9313519999999998,0.003953048893645966,0.0024501250883622733,0.039005,0.004914629521472923,0.003046118936176536,0.0,0.0,0.0,13.429192026800592,0.24061470941905783,0.14913454197954334,707840.0,0.0,0.0,707840.0,0.0,0.0,2272336281600.0,0.0,0.0,0.0,0.0,0.0,628800.0,0.0,0.0,0.0,0.0,0.0
ewc,0.808704,0.02623483146929332,0.016260517008831212,0.19238499999999997,0.03428130402355715,0.021247772367526487,-0.19238499999999997,0.03428130402355715,0.021247772367526487,0.011794999999999998,0.015817614126873453,0.009803858806952833,0.808704,0.02623483146929332,0.016260517008831212,0.19238499999999997,0.03428130402355715,0.021247772367526487,0.0,0.0,0.0,14.14677729489631,0.22888416913928408,0.14186387778773032,505600.0,0.0,0.0,505600.0,0.0,0.0,1629872762610.0,0.0,0.0,6775418610.0,0.0,0.0,0.0,0.0,0.0,0.0,0.0,0.0
si,0.931472,0.0046233725064430365,0.002865595967985254,0.03207,0.007115835236366223,0.004410440373074378,-0.03207,0.007115835236366223,0.004410440373074378,0.00819,0.014526485389721002,0.009003608924820708,0.931472,0.0046233725064430365,0.002865595967985254,0.03207,0.007115835236366223,0.004410440373074378,0.0,0.0,0.0,15.539668596198316,0.19880588005145486,0.12322116106657871,505600.0,0.0,0.0,505600.0,0.0,0.0,1636230243180.0,0.0,0.0,13132899180.0,0.0,0.0,0.0,0.0,0.0,0.0,0.0,0.0
lwf_calibrated,0.26365599999999995,0.019489148661641302,0.012079499487968116,0.020824999999999996,0.012006786275547113,0.007441883233877471,-0.01782999999999999,0.011376637855222815,0.007051313196529814,0.009720000000000001,0.019462059957203345,0.012062709735010252,0.26365599999999995,0.019489148661641302,0.012079499487968116,0.020824999999999996,0.012006786275547113,0.007441883233877471,0.0,0.0,0.0,11.233554912099498,0.205935249162883,0.12763998982232277,505600.0,0.0,0.0,910080.0,0.0,0.0,2055923302400.0,0.0,0.0,0.0,0.0,0.0,0.0,0.0,0.0,0.0,0.0,0.0
replay_balanced,0.932396,0.0030213139157952177,0.0018726297660539126,0.038179999999999985,0.004205895333404704,0.0026068409353510982,-0.038179999999999985,0.004205895333404704,0.0026068409353510982,0.010850000000000002,0.01574935624786684,0.009761552135233869,0.932396,0.0030213139157952177,0.0018726297660539126,0.038179999999999985,0.004205895333404704,0.0026068409353510982,0.0,0.0,0.0,11.787169022401212,0.6100334018603834,0.3781026197372835,707840.0,0.0,0.0,707840.0,0.0,0.0,2272336281600.0,0.0,0.0,0.0,0.0,0.0,628800.0,0.0,0.0,0.0,0.0,0.0
replay_more_epochs,0.926572,0.004475158097765919,0.00277373172574421,0.04623000000000001,0.0072161547162522014,0.004472619030898513,-0.04623000000000001,0.0072161547162522014,0.004472619030898513,0.014910000000000001,0.01643812979359608,0.010188458401762478,0.926572,0.004475158097765919,0.00277373172574421,0.04623000000000001,0.0072161547162522014,0.004472619030898513,0.0,0.0,0.0,24.34357153889723,0.5207834059512602,0.3227848991635098,1415680.0,0.0,0.0,1415680.0,0.0,0.0,4544672563200.0,0.0,0.0,0.0,0.0,0.0,628800.0,0.0,0.0,0.0,0.0,0.0
replay_early_stopping,0.9352280000000001,0.0033749956378572943,0.0020918439685173227,0.029820000000000006,0.0047301750026352545,0.002931792840945992,-0.029820000000000006,0.0047301750026352545,0.002931792840945992,0.010895000000000002,0.013910676355471243,0.008621926531040883,0.9352280000000001,0.0033749956378572943,0.0020918439685173227,0.029820000000000006,0.0047301750026352545,0.002931792840945992,0.0,0.0,0.0,11.056936890800717,1.2886577978656473,0.7987183780952938,648179.2,87922.08099448055,54494.6703826147,648179.2,87922.08099448055,54494.6703826147,2080810795008.0,282250981291.72125,174940970649.085,0.0,0.0,0.0,628800.0,0.0,0.0,0.0,0.0,0.0
replay_global_lr_reduction,0.8993079999999999,0.0034784952046666463,0.002155993664637153,0.027890000000000005,0.004337421148818989,0.0026883614803238226,-0.027890000000000005,0.004337421148818989,0.0026883614803238226,0.014474999999999998,0.012359302614270398,0.0076603751242641125,0.8993079999999999,0.0034784952046666463,0.002155993664637153,0.027890000000000005,0.004337421148818989,0.0026883614803238226,0.0,0.0,0.0,12.0521375567012,0.25315019576773984,0.1569041169137408,707840.0,0.0,0.0,707840.0,0.0,0.0,2272336281600.0,0.0,0.0,0.0,0.0,0.0,628800.0,0.0,0.0,0.0,0.0,0.0
slowheat_replay_hidden_beta_30_budget_0.25,0.93826,0.0024469663758303795,0.0015166454726724319,0.025290000000000014,0.003470574720257287,0.0021510844975396893,-0.025225000000000008,0.0035074721825142344,0.002173953781579651,0.008585,0.01623824446586925,0.010064568192095143,0.93826,0.0024469663758303795,0.0015166454726724319,0.025290000000000014,0.003470574720257287,0.0021510844975396893,0.0,0.0,0.0,20.472431638804846,0.2515079984370638,0.1558862724629933,707840.0,0.0,0.0,707840.0,0.0,0.0,2276617128960.0,0.0,0.0,4280847360.0,0.0,0.0,628800.0,0.0,0.0,0.0,0.0,0.0
slowheat_hidden_beta_30_budget_0.25,0.7994319999999999,0.017837058053389847,0.011055523120250793,0.199575,0.023201918622772936,0.01438069815103255,-0.199575,0.023201918622772936,0.01438069815103255,0.008335,0.016949550141522933,0.010505440017438585,0.7994319999999999,0.017837058053389847,0.011055523120250793,0.199575,0.023201918622772936,0.01438069815103255,0.0,0.0,0.0,16.36826744370046,0.19784620393106242,0.12262634764470194,505600.0,0.0,0.0,505600.0,0.0,0.0,1626756910080.0,0.0,0.0,3659566080.0,0.0,0.0,0.0,0.0,0.0,0.0,0.0,0.0
slowheat_replay_hidden_adaptive_beta_30_budget_0.25,0.9389520000000001,0.002000870921485069,0.0012401526455149796,0.023780000000000003,0.0026079153019648075,0.0016164026506068582,-0.023765,0.0026171496369566255,0.001622126150732081,0.008585,0.016739392163397093,0.01037518275308922,0.9389520000000001,0.002000870921485069,0.0012401526455149796,0.023780000000000003,0.0026079153019648075,0.0016164026506068582,0.0,0.0,0.0,20.459255990793462,0.19059154524457653,0.11812986360580346,707840.0,0.0,0.0,707840.0,0.0,0.0,2276617128960.0,0.0,0.0,4280847360.0,0.0,0.0,628800.0,0.0,0.0,0.0,0.0,0.0
slowheat_replay_partial_output_beta_30_budget_0.25,0.9415319999999999,0.002579512443165288,0.0015987983763369974,0.020555000000000018,0.0026554399091508543,0.0016458587073149501,-0.020490000000000015,0.002634366885778985,0.0016327975121109004,0.006595000000000001,0.015400350825729768,0.009545236333492335,0.9415319999999999,0.002579512443165288,0.0015987983763369974,0.020555000000000018,0.0026554399091508543,0.0016458587073149501,0.0,0.0,0.0,23.90434993270319,0.10454733472927141,0.06479910940472607,707840.0,0.0,0.0,707840.0,0.0,0.0,2276655594260.0,0.0,0.0,4319312660.0,0.0,0.0,628800.0,0.0,0.0,0.0,0.0,0.0
slowheat_replay_hidden_beta_30_budget_0.25_calibrated,0.93826,0.0024469663758303795,0.0015166454726724319,0.025290000000000014,0.003470574720257287,0.0021510844975396893,-0.025225000000000008,0.0035074721825142344,0.002173953781579651,0.008585,0.01623824446586925,0.010064568192095143,0.93826,0.0024469663758303795,0.0015166454726724319,0.025290000000000014,0.003470574720257287,0.0021510844975396893,0.0,0.0,0.0,20.521756729204206,0.15245186766292704,0.09449064653083838,707840.0,0.0,0.0,707840.0,0.0,0.0,2276617128960.0,0.0,0.0,4280847360.0,0.0,0.0,628800.0,0.0,0.0,0.0,0.0,0.0
